<?xml version="1.0" encoding="UTF-8"?>
<!-- Product Version: Vivado v2020.2 (64-bit)                     -->
<!--                                                              -->
<!-- Copyright 1986-2020 Xilinx, Inc. All Rights Reserved.        -->

<hwsession version="1" minor="2">
  <device name="xc7a35t_0" gui_info="dashboard1=hw_ila_1[xc7a35t_0/hw_ila_1/Settings=ILA_SETTINGS_1;xc7a35t_0/hw_ila_1/Status=ILA_STATUS_1;xc7a35t_0/hw_ila_1/Trigger Setup=ILA_TRIGGER_1;xc7a35t_0/hw_ila_1/Waveform=ILA_WAVE_1;xc7a35t_0/hw_ila_1/Capture Setup=ILA_CAPTURE_1;]"/>
  <ObjectList object_type="hw_device" gui_info="">
    <Object name="xc7a35t_0" gui_info="">
      <Properties Property="FULL_PROBES.FILE" value=""/>
      <Properties Property="PROBES.FILE" value=""/>
      <Properties Property="PROGRAM.HW_BITSTREAM" value="$_project_name_.runs/impl_1/design_1_wrapper.bit"/>
      <Properties Property="SLR.COUNT" value="1"/>
    </Object>
  </ObjectList>
  <ObjectList object_type="hw_ila" gui_info="">
    <Object name="design_1_i/system_ila_0/U0/ila_lib" gui_info="">
      <Properties Property="CONTROL.DATA_DEPTH" value="32"/>
      <Properties Property="CONTROL.TRIGGER_CONDITION" value="AND"/>
      <Properties Property="CONTROL.TRIGGER_POSITION" value="16"/>
      <Properties Property="CONTROL.WINDOW_COUNT" value="10"/>
      <Properties Property="CORE_REFRESH_RATE_MS" value="500"/>
    </Object>
  </ObjectList>
  <ObjectList object_type="hw_probe" gui_info="">
    <Object name="design_1_i/system_ila_0/U0/net_slot_0_axis_tlast" gui_info=""/>
    <Object name="design_1_i/system_ila_0/U0/net_slot_0_axis_tready" gui_info="Trigger Setup=0"/>
    <Object name="design_1_i/system_ila_0/U0/net_slot_0_axis_tvalid" gui_info="Trigger Setup=1"/>
    <Object name="design_1_i/system_ila_0/U0/net_slot_1_axis_tready" gui_info=""/>
    <Object name="design_1_i/system_ila_0/U0/net_slot_1_axis_tvalid" gui_info=""/>
  </ObjectList>
  <probeset name="hw project" active="false">
    <probe type="ila" busType="net" source="netlist" spec="ILA_V2_RT">
      <probeOptions Id="DebugProbeParams">
        <Option Id="CAPTURE_COMPARE_VALUE" value="eq24&apos;hXX_XXXX"/>
        <Option Id="COMPARE_VALUE.0" value="eq24&apos;hXX_XXXX"/>
        <Option Id="DISPLAY_AS_ENUM" value="1"/>
        <Option Id="DISPLAY_HINT" value=""/>
        <Option Id="DISPLAY_RADIX" value="SIGNED"/>
        <Option Id="DISPLAY_VISIBILITY" value=""/>
        <Option Id="HW_ILA" value="hw_ila_1"/>
        <Option Id="LINK_TO_WAVEFORM" value="1"/>
        <Option Id="MAP" value="probe0[23:0]"/>
        <Option Id="NAME.CUSTOM" value=""/>
        <Option Id="NAME.SELECT" value="Long"/>
        <Option Id="SOURCE" value="netlist"/>
        <Option Id="TRIGGER_COMPARE_VALUE" value="eq24&apos;hXX_XXXX"/>
        <Option Id="WAVEFORM_STYLE" value="Digital"/>
      </probeOptions>
      <nets>
        <net name="design_1_i/system_ila_0/U0/net_slot_0_axis_tdata[23]"/>
        <net name="design_1_i/system_ila_0/U0/net_slot_0_axis_tdata[22]"/>
        <net name="design_1_i/system_ila_0/U0/net_slot_0_axis_tdata[21]"/>
        <net name="design_1_i/system_ila_0/U0/net_slot_0_axis_tdata[20]"/>
        <net name="design_1_i/system_ila_0/U0/net_slot_0_axis_tdata[19]"/>
        <net name="design_1_i/system_ila_0/U0/net_slot_0_axis_tdata[18]"/>
        <net name="design_1_i/system_ila_0/U0/net_slot_0_axis_tdata[17]"/>
        <net name="design_1_i/system_ila_0/U0/net_slot_0_axis_tdata[16]"/>
        <net name="design_1_i/system_ila_0/U0/net_slot_0_axis_tdata[15]"/>
        <net name="design_1_i/system_ila_0/U0/net_slot_0_axis_tdata[14]"/>
        <net name="design_1_i/system_ila_0/U0/net_slot_0_axis_tdata[13]"/>
        <net name="design_1_i/system_ila_0/U0/net_slot_0_axis_tdata[12]"/>
        <net name="design_1_i/system_ila_0/U0/net_slot_0_axis_tdata[11]"/>
        <net name="design_1_i/system_ila_0/U0/net_slot_0_axis_tdata[10]"/>
        <net name="design_1_i/system_ila_0/U0/net_slot_0_axis_tdata[9]"/>
        <net name="design_1_i/system_ila_0/U0/net_slot_0_axis_tdata[8]"/>
        <net name="design_1_i/system_ila_0/U0/net_slot_0_axis_tdata[7]"/>
        <net name="design_1_i/system_ila_0/U0/net_slot_0_axis_tdata[6]"/>
        <net name="design_1_i/system_ila_0/U0/net_slot_0_axis_tdata[5]"/>
        <net name="design_1_i/system_ila_0/U0/net_slot_0_axis_tdata[4]"/>
        <net name="design_1_i/system_ila_0/U0/net_slot_0_axis_tdata[3]"/>
        <net name="design_1_i/system_ila_0/U0/net_slot_0_axis_tdata[2]"/>
        <net name="design_1_i/system_ila_0/U0/net_slot_0_axis_tdata[1]"/>
        <net name="design_1_i/system_ila_0/U0/net_slot_0_axis_tdata[0]"/>
      </nets>
    </probe>
    <probe type="ila" busType="net" source="netlist" spec="ILA_V2_RT">
      <probeOptions Id="DebugProbeParams">
        <Option Id="CAPTURE_COMPARE_VALUE" value="eq1&apos;bX"/>
        <Option Id="COMPARE_VALUE.0" value="eq1&apos;bX"/>
        <Option Id="DISPLAY_AS_ENUM" value="1"/>
        <Option Id="DISPLAY_HINT" value=""/>
        <Option Id="DISPLAY_RADIX" value="HEX"/>
        <Option Id="DISPLAY_VISIBILITY" value=""/>
        <Option Id="HW_ILA" value="hw_ila_1"/>
        <Option Id="LINK_TO_WAVEFORM" value="1"/>
        <Option Id="MAP" value="probe3[0]"/>
        <Option Id="NAME.CUSTOM" value=""/>
        <Option Id="NAME.SELECT" value="Long"/>
        <Option Id="SOURCE" value="netlist"/>
        <Option Id="TRIGGER_COMPARE_VALUE" value="eq1&apos;bX"/>
        <Option Id="WAVEFORM_STYLE" value="Digital"/>
      </probeOptions>
      <nets>
        <net name="design_1_i/system_ila_0/U0/net_slot_0_axis_tlast"/>
      </nets>
    </probe>
    <probe type="ila" busType="net" source="netlist" spec="ILA_V2_RT">
      <probeOptions Id="DebugProbeParams">
        <Option Id="CAPTURE_COMPARE_VALUE" value="eq1&apos;bX"/>
        <Option Id="COMPARE_VALUE.0" value="eq1&apos;b1"/>
        <Option Id="DISPLAY_AS_ENUM" value="1"/>
        <Option Id="DISPLAY_HINT" value=""/>
        <Option Id="DISPLAY_RADIX" value="HEX"/>
        <Option Id="DISPLAY_VISIBILITY" value=""/>
        <Option Id="HW_ILA" value="hw_ila_1"/>
        <Option Id="LINK_TO_WAVEFORM" value="1"/>
        <Option Id="MAP" value="probe2[0]"/>
        <Option Id="NAME.CUSTOM" value=""/>
        <Option Id="NAME.SELECT" value="Long"/>
        <Option Id="SOURCE" value="netlist"/>
        <Option Id="TRIGGER_COMPARE_VALUE" value="eq1&apos;b1"/>
        <Option Id="WAVEFORM_STYLE" value="Digital"/>
      </probeOptions>
      <nets>
        <net name="design_1_i/system_ila_0/U0/net_slot_0_axis_tready"/>
      </nets>
    </probe>
    <probe type="ila" busType="net" source="netlist" spec="ILA_V2_RT">
      <probeOptions Id="DebugProbeParams">
        <Option Id="CAPTURE_COMPARE_VALUE" value="eq1&apos;bX"/>
        <Option Id="COMPARE_VALUE.0" value="eq1&apos;b1"/>
        <Option Id="DISPLAY_AS_ENUM" value="1"/>
        <Option Id="DISPLAY_HINT" value=""/>
        <Option Id="DISPLAY_RADIX" value="HEX"/>
        <Option Id="DISPLAY_VISIBILITY" value=""/>
        <Option Id="HW_ILA" value="hw_ila_1"/>
        <Option Id="LINK_TO_WAVEFORM" value="1"/>
        <Option Id="MAP" value="probe1[0]"/>
        <Option Id="NAME.CUSTOM" value=""/>
        <Option Id="NAME.SELECT" value="Long"/>
        <Option Id="SOURCE" value="netlist"/>
        <Option Id="TRIGGER_COMPARE_VALUE" value="eq1&apos;b1"/>
        <Option Id="WAVEFORM_STYLE" value="Digital"/>
      </probeOptions>
      <nets>
        <net name="design_1_i/system_ila_0/U0/net_slot_0_axis_tvalid"/>
      </nets>
    </probe>
    <probe type="ila" busType="net" source="netlist" spec="ILA_V2_RT">
      <probeOptions Id="DebugProbeParams">
        <Option Id="CAPTURE_COMPARE_VALUE" value="eq24&apos;hXX_XXXX"/>
        <Option Id="COMPARE_VALUE.0" value="eq24&apos;hXX_XXXX"/>
        <Option Id="DISPLAY_AS_ENUM" value="1"/>
        <Option Id="DISPLAY_HINT" value=""/>
        <Option Id="DISPLAY_RADIX" value="SIGNED"/>
        <Option Id="DISPLAY_VISIBILITY" value=""/>
        <Option Id="HW_ILA" value="hw_ila_1"/>
        <Option Id="LINK_TO_WAVEFORM" value="1"/>
        <Option Id="MAP" value="probe4[23:0]"/>
        <Option Id="NAME.CUSTOM" value=""/>
        <Option Id="NAME.SELECT" value="Long"/>
        <Option Id="SOURCE" value="netlist"/>
        <Option Id="TRIGGER_COMPARE_VALUE" value="eq24&apos;hXX_XXXX"/>
        <Option Id="WAVEFORM_STYLE" value="Digital"/>
      </probeOptions>
      <nets>
        <net name="design_1_i/system_ila_0/U0/net_slot_1_axis_tdata[23]"/>
        <net name="design_1_i/system_ila_0/U0/net_slot_1_axis_tdata[22]"/>
        <net name="design_1_i/system_ila_0/U0/net_slot_1_axis_tdata[21]"/>
        <net name="design_1_i/system_ila_0/U0/net_slot_1_axis_tdata[20]"/>
        <net name="design_1_i/system_ila_0/U0/net_slot_1_axis_tdata[19]"/>
        <net name="design_1_i/system_ila_0/U0/net_slot_1_axis_tdata[18]"/>
        <net name="design_1_i/system_ila_0/U0/net_slot_1_axis_tdata[17]"/>
        <net name="design_1_i/system_ila_0/U0/net_slot_1_axis_tdata[16]"/>
        <net name="design_1_i/system_ila_0/U0/net_slot_1_axis_tdata[15]"/>
        <net name="design_1_i/system_ila_0/U0/net_slot_1_axis_tdata[14]"/>
        <net name="design_1_i/system_ila_0/U0/net_slot_1_axis_tdata[13]"/>
        <net name="design_1_i/system_ila_0/U0/net_slot_1_axis_tdata[12]"/>
        <net name="design_1_i/system_ila_0/U0/net_slot_1_axis_tdata[11]"/>
        <net name="design_1_i/system_ila_0/U0/net_slot_1_axis_tdata[10]"/>
        <net name="design_1_i/system_ila_0/U0/net_slot_1_axis_tdata[9]"/>
        <net name="design_1_i/system_ila_0/U0/net_slot_1_axis_tdata[8]"/>
        <net name="design_1_i/system_ila_0/U0/net_slot_1_axis_tdata[7]"/>
        <net name="design_1_i/system_ila_0/U0/net_slot_1_axis_tdata[6]"/>
        <net name="design_1_i/system_ila_0/U0/net_slot_1_axis_tdata[5]"/>
        <net name="design_1_i/system_ila_0/U0/net_slot_1_axis_tdata[4]"/>
        <net name="design_1_i/system_ila_0/U0/net_slot_1_axis_tdata[3]"/>
        <net name="design_1_i/system_ila_0/U0/net_slot_1_axis_tdata[2]"/>
        <net name="design_1_i/system_ila_0/U0/net_slot_1_axis_tdata[1]"/>
        <net name="design_1_i/system_ila_0/U0/net_slot_1_axis_tdata[0]"/>
      </nets>
    </probe>
    <probe type="ila" busType="net" source="netlist" spec="ILA_V2_RT">
      <probeOptions Id="DebugProbeParams">
        <Option Id="CAPTURE_COMPARE_VALUE" value="eq1&apos;bX"/>
        <Option Id="COMPARE_VALUE.0" value="eq1&apos;bX"/>
        <Option Id="DISPLAY_AS_ENUM" value="1"/>
        <Option Id="DISPLAY_HINT" value=""/>
        <Option Id="DISPLAY_RADIX" value="HEX"/>
        <Option Id="DISPLAY_VISIBILITY" value=""/>
        <Option Id="HW_ILA" value="hw_ila_1"/>
        <Option Id="LINK_TO_WAVEFORM" value="1"/>
        <Option Id="MAP" value="probe7[0]"/>
        <Option Id="NAME.CUSTOM" value=""/>
        <Option Id="NAME.SELECT" value="Long"/>
        <Option Id="SOURCE" value="netlist"/>
        <Option Id="TRIGGER_COMPARE_VALUE" value="eq1&apos;bX"/>
        <Option Id="WAVEFORM_STYLE" value="Digital"/>
      </probeOptions>
      <nets>
        <net name="design_1_i/system_ila_0/U0/net_slot_1_axis_tlast"/>
      </nets>
    </probe>
    <probe type="ila" busType="net" source="netlist" spec="ILA_V2_RT">
      <probeOptions Id="DebugProbeParams">
        <Option Id="CAPTURE_COMPARE_VALUE" value="eq1&apos;bX"/>
        <Option Id="COMPARE_VALUE.0" value="eq1&apos;bX"/>
        <Option Id="DISPLAY_AS_ENUM" value="1"/>
        <Option Id="DISPLAY_HINT" value=""/>
        <Option Id="DISPLAY_RADIX" value="HEX"/>
        <Option Id="DISPLAY_VISIBILITY" value=""/>
        <Option Id="HW_ILA" value="hw_ila_1"/>
        <Option Id="LINK_TO_WAVEFORM" value="1"/>
        <Option Id="MAP" value="probe6[0]"/>
        <Option Id="NAME.CUSTOM" value=""/>
        <Option Id="NAME.SELECT" value="Long"/>
        <Option Id="SOURCE" value="netlist"/>
        <Option Id="TRIGGER_COMPARE_VALUE" value="eq1&apos;bX"/>
        <Option Id="WAVEFORM_STYLE" value="Digital"/>
      </probeOptions>
      <nets>
        <net name="design_1_i/system_ila_0/U0/net_slot_1_axis_tready"/>
      </nets>
    </probe>
    <probe type="ila" busType="net" source="netlist" spec="ILA_V2_RT">
      <probeOptions Id="DebugProbeParams">
        <Option Id="CAPTURE_COMPARE_VALUE" value="eq1&apos;bX"/>
        <Option Id="COMPARE_VALUE.0" value="eq1&apos;bX"/>
        <Option Id="DISPLAY_AS_ENUM" value="1"/>
        <Option Id="DISPLAY_HINT" value=""/>
        <Option Id="DISPLAY_RADIX" value="HEX"/>
        <Option Id="DISPLAY_VISIBILITY" value=""/>
        <Option Id="HW_ILA" value="hw_ila_1"/>
        <Option Id="LINK_TO_WAVEFORM" value="1"/>
        <Option Id="MAP" value="probe5[0]"/>
        <Option Id="NAME.CUSTOM" value=""/>
        <Option Id="NAME.SELECT" value="Long"/>
        <Option Id="SOURCE" value="netlist"/>
        <Option Id="TRIGGER_COMPARE_VALUE" value="eq1&apos;bX"/>
        <Option Id="WAVEFORM_STYLE" value="Digital"/>
      </probeOptions>
      <nets>
        <net name="design_1_i/system_ila_0/U0/net_slot_1_axis_tvalid"/>
      </nets>
    </probe>
    <probe type="ila" busType="net" source="netlist" spec="ILA_V2_RT">
      <probeOptions Id="DebugProbeParams">
        <Option Id="CAPTURE_COMPARE_VALUE" value="eq24&apos;hXX_XXXX"/>
        <Option Id="COMPARE_VALUE.0" value="eq24&apos;hXX_XXXX"/>
        <Option Id="DISPLAY_AS_ENUM" value="1"/>
        <Option Id="DISPLAY_HINT" value=""/>
        <Option Id="DISPLAY_RADIX" value="SIGNED"/>
        <Option Id="DISPLAY_VISIBILITY" value=""/>
        <Option Id="HW_ILA" value="hw_ila_1"/>
        <Option Id="LINK_TO_WAVEFORM" value="1"/>
        <Option Id="MAP" value="probe8[23:0]"/>
        <Option Id="NAME.CUSTOM" value=""/>
        <Option Id="NAME.SELECT" value="Long"/>
        <Option Id="SOURCE" value="netlist"/>
        <Option Id="TRIGGER_COMPARE_VALUE" value="eq24&apos;hXX_XXXX"/>
        <Option Id="WAVEFORM_STYLE" value="Digital"/>
      </probeOptions>
      <nets>
        <net name="design_1_i/system_ila_0/U0/net_slot_2_axis_tdata[23]"/>
        <net name="design_1_i/system_ila_0/U0/net_slot_2_axis_tdata[22]"/>
        <net name="design_1_i/system_ila_0/U0/net_slot_2_axis_tdata[21]"/>
        <net name="design_1_i/system_ila_0/U0/net_slot_2_axis_tdata[20]"/>
        <net name="design_1_i/system_ila_0/U0/net_slot_2_axis_tdata[19]"/>
        <net name="design_1_i/system_ila_0/U0/net_slot_2_axis_tdata[18]"/>
        <net name="design_1_i/system_ila_0/U0/net_slot_2_axis_tdata[17]"/>
        <net name="design_1_i/system_ila_0/U0/net_slot_2_axis_tdata[16]"/>
        <net name="design_1_i/system_ila_0/U0/net_slot_2_axis_tdata[15]"/>
        <net name="design_1_i/system_ila_0/U0/net_slot_2_axis_tdata[14]"/>
        <net name="design_1_i/system_ila_0/U0/net_slot_2_axis_tdata[13]"/>
        <net name="design_1_i/system_ila_0/U0/net_slot_2_axis_tdata[12]"/>
        <net name="design_1_i/system_ila_0/U0/net_slot_2_axis_tdata[11]"/>
        <net name="design_1_i/system_ila_0/U0/net_slot_2_axis_tdata[10]"/>
        <net name="design_1_i/system_ila_0/U0/net_slot_2_axis_tdata[9]"/>
        <net name="design_1_i/system_ila_0/U0/net_slot_2_axis_tdata[8]"/>
        <net name="design_1_i/system_ila_0/U0/net_slot_2_axis_tdata[7]"/>
        <net name="design_1_i/system_ila_0/U0/net_slot_2_axis_tdata[6]"/>
        <net name="design_1_i/system_ila_0/U0/net_slot_2_axis_tdata[5]"/>
        <net name="design_1_i/system_ila_0/U0/net_slot_2_axis_tdata[4]"/>
        <net name="design_1_i/system_ila_0/U0/net_slot_2_axis_tdata[3]"/>
        <net name="design_1_i/system_ila_0/U0/net_slot_2_axis_tdata[2]"/>
        <net name="design_1_i/system_ila_0/U0/net_slot_2_axis_tdata[1]"/>
        <net name="design_1_i/system_ila_0/U0/net_slot_2_axis_tdata[0]"/>
      </nets>
    </probe>
    <probe type="ila" busType="net" source="netlist" spec="ILA_V2_RT">
      <probeOptions Id="DebugProbeParams">
        <Option Id="CAPTURE_COMPARE_VALUE" value="eq1&apos;bX"/>
        <Option Id="COMPARE_VALUE.0" value="eq1&apos;bX"/>
        <Option Id="DISPLAY_AS_ENUM" value="1"/>
        <Option Id="DISPLAY_HINT" value=""/>
        <Option Id="DISPLAY_RADIX" value="HEX"/>
        <Option Id="DISPLAY_VISIBILITY" value=""/>
        <Option Id="HW_ILA" value="hw_ila_1"/>
        <Option Id="LINK_TO_WAVEFORM" value="1"/>
        <Option Id="MAP" value="probe11[0]"/>
        <Option Id="NAME.CUSTOM" value=""/>
        <Option Id="NAME.SELECT" value="Long"/>
        <Option Id="SOURCE" value="netlist"/>
        <Option Id="TRIGGER_COMPARE_VALUE" value="eq1&apos;bX"/>
        <Option Id="WAVEFORM_STYLE" value="Digital"/>
      </probeOptions>
      <nets>
        <net name="design_1_i/system_ila_0/U0/net_slot_2_axis_tlast"/>
      </nets>
    </probe>
    <probe type="ila" busType="net" source="netlist" spec="ILA_V2_RT">
      <probeOptions Id="DebugProbeParams">
        <Option Id="CAPTURE_COMPARE_VALUE" value="eq1&apos;bX"/>
        <Option Id="COMPARE_VALUE.0" value="eq1&apos;bX"/>
        <Option Id="DISPLAY_AS_ENUM" value="1"/>
        <Option Id="DISPLAY_HINT" value=""/>
        <Option Id="DISPLAY_RADIX" value="HEX"/>
        <Option Id="DISPLAY_VISIBILITY" value=""/>
        <Option Id="HW_ILA" value="hw_ila_1"/>
        <Option Id="LINK_TO_WAVEFORM" value="1"/>
        <Option Id="MAP" value="probe10[0]"/>
        <Option Id="NAME.CUSTOM" value=""/>
        <Option Id="NAME.SELECT" value="Long"/>
        <Option Id="SOURCE" value="netlist"/>
        <Option Id="TRIGGER_COMPARE_VALUE" value="eq1&apos;bX"/>
        <Option Id="WAVEFORM_STYLE" value="Digital"/>
      </probeOptions>
      <nets>
        <net name="design_1_i/system_ila_0/U0/net_slot_2_axis_tready"/>
      </nets>
    </probe>
    <probe type="ila" busType="net" source="netlist" spec="ILA_V2_RT">
      <probeOptions Id="DebugProbeParams">
        <Option Id="CAPTURE_COMPARE_VALUE" value="eq1&apos;bX"/>
        <Option Id="COMPARE_VALUE.0" value="eq1&apos;bX"/>
        <Option Id="DISPLAY_AS_ENUM" value="1"/>
        <Option Id="DISPLAY_HINT" value=""/>
        <Option Id="DISPLAY_RADIX" value="HEX"/>
        <Option Id="DISPLAY_VISIBILITY" value=""/>
        <Option Id="HW_ILA" value="hw_ila_1"/>
        <Option Id="LINK_TO_WAVEFORM" value="1"/>
        <Option Id="MAP" value="probe9[0]"/>
        <Option Id="NAME.CUSTOM" value=""/>
        <Option Id="NAME.SELECT" value="Long"/>
        <Option Id="SOURCE" value="netlist"/>
        <Option Id="TRIGGER_COMPARE_VALUE" value="eq1&apos;bX"/>
        <Option Id="WAVEFORM_STYLE" value="Digital"/>
      </probeOptions>
      <nets>
        <net name="design_1_i/system_ila_0/U0/net_slot_2_axis_tvalid"/>
      </nets>
    </probe>
    <probe type="ila" busType="net" source="netlist" spec="ILA_V2_RT">
      <probeOptions Id="DebugProbeParams">
        <Option Id="CAPTURE_COMPARE_VALUE" value="eq24&apos;hXX_XXXX"/>
        <Option Id="COMPARE_VALUE.0" value="eq24&apos;hXX_XXXX"/>
        <Option Id="DISPLAY_AS_ENUM" value="1"/>
        <Option Id="DISPLAY_HINT" value=""/>
        <Option Id="DISPLAY_RADIX" value="SIGNED"/>
        <Option Id="DISPLAY_VISIBILITY" value=""/>
        <Option Id="HW_ILA" value="hw_ila_1"/>
        <Option Id="LINK_TO_WAVEFORM" value="1"/>
        <Option Id="MAP" value="probe12[23:0]"/>
        <Option Id="NAME.CUSTOM" value=""/>
        <Option Id="NAME.SELECT" value="Long"/>
        <Option Id="SOURCE" value="netlist"/>
        <Option Id="TRIGGER_COMPARE_VALUE" value="eq24&apos;hXX_XXXX"/>
        <Option Id="WAVEFORM_STYLE" value="Digital"/>
      </probeOptions>
      <nets>
        <net name="design_1_i/system_ila_0/U0/net_slot_3_axis_tdata[23]"/>
        <net name="design_1_i/system_ila_0/U0/net_slot_3_axis_tdata[22]"/>
        <net name="design_1_i/system_ila_0/U0/net_slot_3_axis_tdata[21]"/>
        <net name="design_1_i/system_ila_0/U0/net_slot_3_axis_tdata[20]"/>
        <net name="design_1_i/system_ila_0/U0/net_slot_3_axis_tdata[19]"/>
        <net name="design_1_i/system_ila_0/U0/net_slot_3_axis_tdata[18]"/>
        <net name="design_1_i/system_ila_0/U0/net_slot_3_axis_tdata[17]"/>
        <net name="design_1_i/system_ila_0/U0/net_slot_3_axis_tdata[16]"/>
        <net name="design_1_i/system_ila_0/U0/net_slot_3_axis_tdata[15]"/>
        <net name="design_1_i/system_ila_0/U0/net_slot_3_axis_tdata[14]"/>
        <net name="design_1_i/system_ila_0/U0/net_slot_3_axis_tdata[13]"/>
        <net name="design_1_i/system_ila_0/U0/net_slot_3_axis_tdata[12]"/>
        <net name="design_1_i/system_ila_0/U0/net_slot_3_axis_tdata[11]"/>
        <net name="design_1_i/system_ila_0/U0/net_slot_3_axis_tdata[10]"/>
        <net name="design_1_i/system_ila_0/U0/net_slot_3_axis_tdata[9]"/>
        <net name="design_1_i/system_ila_0/U0/net_slot_3_axis_tdata[8]"/>
        <net name="design_1_i/system_ila_0/U0/net_slot_3_axis_tdata[7]"/>
        <net name="design_1_i/system_ila_0/U0/net_slot_3_axis_tdata[6]"/>
        <net name="design_1_i/system_ila_0/U0/net_slot_3_axis_tdata[5]"/>
        <net name="design_1_i/system_ila_0/U0/net_slot_3_axis_tdata[4]"/>
        <net name="design_1_i/system_ila_0/U0/net_slot_3_axis_tdata[3]"/>
        <net name="design_1_i/system_ila_0/U0/net_slot_3_axis_tdata[2]"/>
        <net name="design_1_i/system_ila_0/U0/net_slot_3_axis_tdata[1]"/>
        <net name="design_1_i/system_ila_0/U0/net_slot_3_axis_tdata[0]"/>
      </nets>
    </probe>
    <probe type="ila" busType="net" source="netlist" spec="ILA_V2_RT">
      <probeOptions Id="DebugProbeParams">
        <Option Id="CAPTURE_COMPARE_VALUE" value="eq1&apos;bX"/>
        <Option Id="COMPARE_VALUE.0" value="eq1&apos;bX"/>
        <Option Id="DISPLAY_AS_ENUM" value="1"/>
        <Option Id="DISPLAY_HINT" value=""/>
        <Option Id="DISPLAY_RADIX" value="HEX"/>
        <Option Id="DISPLAY_VISIBILITY" value=""/>
        <Option Id="HW_ILA" value="hw_ila_1"/>
        <Option Id="LINK_TO_WAVEFORM" value="1"/>
        <Option Id="MAP" value="probe15[0]"/>
        <Option Id="NAME.CUSTOM" value=""/>
        <Option Id="NAME.SELECT" value="Long"/>
        <Option Id="SOURCE" value="netlist"/>
        <Option Id="TRIGGER_COMPARE_VALUE" value="eq1&apos;bX"/>
        <Option Id="WAVEFORM_STYLE" value="Digital"/>
      </probeOptions>
      <nets>
        <net name="design_1_i/system_ila_0/U0/net_slot_3_axis_tlast"/>
      </nets>
    </probe>
    <probe type="ila" busType="net" source="netlist" spec="ILA_V2_RT">
      <probeOptions Id="DebugProbeParams">
        <Option Id="CAPTURE_COMPARE_VALUE" value="eq1&apos;bX"/>
        <Option Id="COMPARE_VALUE.0" value="eq1&apos;bX"/>
        <Option Id="DISPLAY_AS_ENUM" value="1"/>
        <Option Id="DISPLAY_HINT" value=""/>
        <Option Id="DISPLAY_RADIX" value="HEX"/>
        <Option Id="DISPLAY_VISIBILITY" value=""/>
        <Option Id="HW_ILA" value="hw_ila_1"/>
        <Option Id="LINK_TO_WAVEFORM" value="1"/>
        <Option Id="MAP" value="probe14[0]"/>
        <Option Id="NAME.CUSTOM" value=""/>
        <Option Id="NAME.SELECT" value="Long"/>
        <Option Id="SOURCE" value="netlist"/>
        <Option Id="TRIGGER_COMPARE_VALUE" value="eq1&apos;bX"/>
        <Option Id="WAVEFORM_STYLE" value="Digital"/>
      </probeOptions>
      <nets>
        <net name="design_1_i/system_ila_0/U0/net_slot_3_axis_tready"/>
      </nets>
    </probe>
    <probe type="ila" busType="net" source="netlist" spec="ILA_V2_RT">
      <probeOptions Id="DebugProbeParams">
        <Option Id="CAPTURE_COMPARE_VALUE" value="eq1&apos;bX"/>
        <Option Id="COMPARE_VALUE.0" value="eq1&apos;bX"/>
        <Option Id="DISPLAY_AS_ENUM" value="1"/>
        <Option Id="DISPLAY_HINT" value=""/>
        <Option Id="DISPLAY_RADIX" value="HEX"/>
        <Option Id="DISPLAY_VISIBILITY" value=""/>
        <Option Id="HW_ILA" value="hw_ila_1"/>
        <Option Id="LINK_TO_WAVEFORM" value="1"/>
        <Option Id="MAP" value="probe13[0]"/>
        <Option Id="NAME.CUSTOM" value=""/>
        <Option Id="NAME.SELECT" value="Long"/>
        <Option Id="SOURCE" value="netlist"/>
        <Option Id="TRIGGER_COMPARE_VALUE" value="eq1&apos;bX"/>
        <Option Id="WAVEFORM_STYLE" value="Digital"/>
      </probeOptions>
      <nets>
        <net name="design_1_i/system_ila_0/U0/net_slot_3_axis_tvalid"/>
      </nets>
    </probe>
    <probe type="ila" busType="net" source="netlist" spec="ILA_V2_RT">
      <probeOptions Id="DebugProbeParams">
        <Option Id="CAPTURE_COMPARE_VALUE" value="eq24&apos;hXX_XXXX"/>
        <Option Id="COMPARE_VALUE.0" value="eq24&apos;hXX_XXXX"/>
        <Option Id="DISPLAY_AS_ENUM" value="1"/>
        <Option Id="DISPLAY_HINT" value=""/>
        <Option Id="DISPLAY_RADIX" value="HEX"/>
        <Option Id="DISPLAY_VISIBILITY" value=""/>
        <Option Id="HW_ILA" value="hw_ila_1"/>
        <Option Id="LINK_TO_WAVEFORM" value="1"/>
        <Option Id="MAP" value="probe29[23:0]"/>
        <Option Id="NAME.CUSTOM" value=""/>
        <Option Id="NAME.SELECT" value="Long"/>
        <Option Id="SOURCE" value="netlist"/>
        <Option Id="TRIGGER_COMPARE_VALUE" value="eq24&apos;hXX_XXXX"/>
        <Option Id="WAVEFORM_STYLE" value="Digital"/>
      </probeOptions>
      <nets>
        <net name="design_1_i/system_ila_0/U0/net_slot_4_axis_tdata[23]"/>
        <net name="design_1_i/system_ila_0/U0/net_slot_4_axis_tdata[22]"/>
        <net name="design_1_i/system_ila_0/U0/net_slot_4_axis_tdata[21]"/>
        <net name="design_1_i/system_ila_0/U0/net_slot_4_axis_tdata[20]"/>
        <net name="design_1_i/system_ila_0/U0/net_slot_4_axis_tdata[19]"/>
        <net name="design_1_i/system_ila_0/U0/net_slot_4_axis_tdata[18]"/>
        <net name="design_1_i/system_ila_0/U0/net_slot_4_axis_tdata[17]"/>
        <net name="design_1_i/system_ila_0/U0/net_slot_4_axis_tdata[16]"/>
        <net name="design_1_i/system_ila_0/U0/net_slot_4_axis_tdata[15]"/>
        <net name="design_1_i/system_ila_0/U0/net_slot_4_axis_tdata[14]"/>
        <net name="design_1_i/system_ila_0/U0/net_slot_4_axis_tdata[13]"/>
        <net name="design_1_i/system_ila_0/U0/net_slot_4_axis_tdata[12]"/>
        <net name="design_1_i/system_ila_0/U0/net_slot_4_axis_tdata[11]"/>
        <net name="design_1_i/system_ila_0/U0/net_slot_4_axis_tdata[10]"/>
        <net name="design_1_i/system_ila_0/U0/net_slot_4_axis_tdata[9]"/>
        <net name="design_1_i/system_ila_0/U0/net_slot_4_axis_tdata[8]"/>
        <net name="design_1_i/system_ila_0/U0/net_slot_4_axis_tdata[7]"/>
        <net name="design_1_i/system_ila_0/U0/net_slot_4_axis_tdata[6]"/>
        <net name="design_1_i/system_ila_0/U0/net_slot_4_axis_tdata[5]"/>
        <net name="design_1_i/system_ila_0/U0/net_slot_4_axis_tdata[4]"/>
        <net name="design_1_i/system_ila_0/U0/net_slot_4_axis_tdata[3]"/>
        <net name="design_1_i/system_ila_0/U0/net_slot_4_axis_tdata[2]"/>
        <net name="design_1_i/system_ila_0/U0/net_slot_4_axis_tdata[1]"/>
        <net name="design_1_i/system_ila_0/U0/net_slot_4_axis_tdata[0]"/>
      </nets>
    </probe>
    <probe type="ila" busType="net" source="netlist" spec="ILA_V2_RT">
      <probeOptions Id="DebugProbeParams">
        <Option Id="CAPTURE_COMPARE_VALUE" value="eq1&apos;bX"/>
        <Option Id="COMPARE_VALUE.0" value="eq1&apos;bX"/>
        <Option Id="DISPLAY_AS_ENUM" value="1"/>
        <Option Id="DISPLAY_HINT" value=""/>
        <Option Id="DISPLAY_RADIX" value="HEX"/>
        <Option Id="DISPLAY_VISIBILITY" value=""/>
        <Option Id="HW_ILA" value="hw_ila_1"/>
        <Option Id="LINK_TO_WAVEFORM" value="1"/>
        <Option Id="MAP" value="probe32[0]"/>
        <Option Id="NAME.CUSTOM" value=""/>
        <Option Id="NAME.SELECT" value="Long"/>
        <Option Id="SOURCE" value="netlist"/>
        <Option Id="TRIGGER_COMPARE_VALUE" value="eq1&apos;bX"/>
        <Option Id="WAVEFORM_STYLE" value="Digital"/>
      </probeOptions>
      <nets>
        <net name="design_1_i/system_ila_0/U0/net_slot_4_axis_tlast"/>
      </nets>
    </probe>
    <probe type="ila" busType="net" source="netlist" spec="ILA_V2_RT">
      <probeOptions Id="DebugProbeParams">
        <Option Id="CAPTURE_COMPARE_VALUE" value="eq1&apos;bX"/>
        <Option Id="COMPARE_VALUE.0" value="eq1&apos;bX"/>
        <Option Id="DISPLAY_AS_ENUM" value="1"/>
        <Option Id="DISPLAY_HINT" value=""/>
        <Option Id="DISPLAY_RADIX" value="HEX"/>
        <Option Id="DISPLAY_VISIBILITY" value=""/>
        <Option Id="HW_ILA" value="hw_ila_1"/>
        <Option Id="LINK_TO_WAVEFORM" value="1"/>
        <Option Id="MAP" value="probe31[0]"/>
        <Option Id="NAME.CUSTOM" value=""/>
        <Option Id="NAME.SELECT" value="Long"/>
        <Option Id="SOURCE" value="netlist"/>
        <Option Id="TRIGGER_COMPARE_VALUE" value="eq1&apos;bX"/>
        <Option Id="WAVEFORM_STYLE" value="Digital"/>
      </probeOptions>
      <nets>
        <net name="design_1_i/system_ila_0/U0/net_slot_4_axis_tready"/>
      </nets>
    </probe>
    <probe type="ila" busType="net" source="netlist" spec="ILA_V2_RT">
      <probeOptions Id="DebugProbeParams">
        <Option Id="CAPTURE_COMPARE_VALUE" value="eq1&apos;bX"/>
        <Option Id="COMPARE_VALUE.0" value="eq1&apos;bX"/>
        <Option Id="DISPLAY_AS_ENUM" value="1"/>
        <Option Id="DISPLAY_HINT" value=""/>
        <Option Id="DISPLAY_RADIX" value="HEX"/>
        <Option Id="DISPLAY_VISIBILITY" value=""/>
        <Option Id="HW_ILA" value="hw_ila_1"/>
        <Option Id="LINK_TO_WAVEFORM" value="1"/>
        <Option Id="MAP" value="probe30[0]"/>
        <Option Id="NAME.CUSTOM" value=""/>
        <Option Id="NAME.SELECT" value="Long"/>
        <Option Id="SOURCE" value="netlist"/>
        <Option Id="TRIGGER_COMPARE_VALUE" value="eq1&apos;bX"/>
        <Option Id="WAVEFORM_STYLE" value="Digital"/>
      </probeOptions>
      <nets>
        <net name="design_1_i/system_ila_0/U0/net_slot_4_axis_tvalid"/>
      </nets>
    </probe>
    <probe type="ila" busType="net" source="netlist" spec="ILA_V2_RT">
      <probeOptions Id="DebugProbeParams">
        <Option Id="CAPTURE_COMPARE_VALUE" value="eq1&apos;bX"/>
        <Option Id="COMPARE_VALUE.0" value="eq1&apos;bX"/>
        <Option Id="DISPLAY_AS_ENUM" value="1"/>
        <Option Id="DISPLAY_HINT" value=""/>
        <Option Id="DISPLAY_RADIX" value="HEX"/>
        <Option Id="DISPLAY_VISIBILITY" value=""/>
        <Option Id="HW_ILA" value="hw_ila_1"/>
        <Option Id="LINK_TO_WAVEFORM" value="1"/>
        <Option Id="MAP" value="probe0[0]"/>
        <Option Id="NAME.CUSTOM" value="edge_detector_0_edge_detected"/>
        <Option Id="NAME.SELECT" value="Custom"/>
        <Option Id="SOURCE" value="netlist"/>
        <Option Id="TRIGGER_COMPARE_VALUE" value="eq1&apos;bX"/>
        <Option Id="WAVEFORM_STYLE" value="Digital"/>
      </probeOptions>
      <nets>
        <net name="design_1_i/system_ila_0/U0/probe0_1"/>
      </nets>
    </probe>
    <probe type="ila" busType="net" source="netlist" spec="ILA_V2_RT">
      <probeOptions Id="DebugProbeParams">
        <Option Id="CAPTURE_COMPARE_VALUE" value="eq1&apos;bX"/>
        <Option Id="COMPARE_VALUE.0" value="eq1&apos;bX"/>
        <Option Id="DISPLAY_AS_ENUM" value="1"/>
        <Option Id="DISPLAY_HINT" value=""/>
        <Option Id="DISPLAY_RADIX" value="HEX"/>
        <Option Id="DISPLAY_VISIBILITY" value=""/>
        <Option Id="HW_ILA" value="hw_ila_1"/>
        <Option Id="LINK_TO_WAVEFORM" value="1"/>
        <Option Id="MAP" value="probe0[0]"/>
        <Option Id="NAME.CUSTOM" value=""/>
        <Option Id="NAME.SELECT" value="Long"/>
        <Option Id="SOURCE" value="netlist"/>
        <Option Id="TRIGGER_COMPARE_VALUE" value="eq1&apos;bX"/>
        <Option Id="WAVEFORM_STYLE" value="Digital"/>
      </probeOptions>
      <nets>
        <net name="design_1_i/system_ila_0/U0/probe0_1[0]"/>
      </nets>
    </probe>
    <probe type="ila" busType="net" source="netlist" spec="ILA_V2_RT">
      <probeOptions Id="DebugProbeParams">
        <Option Id="CAPTURE_COMPARE_VALUE" value="eq24&apos;hXX_XXXX"/>
        <Option Id="COMPARE_VALUE.0" value="eq24&apos;hXX_XXXX"/>
        <Option Id="DISPLAY_AS_ENUM" value="1"/>
        <Option Id="DISPLAY_HINT" value=""/>
        <Option Id="DISPLAY_RADIX" value="HEX"/>
        <Option Id="DISPLAY_VISIBILITY" value=""/>
        <Option Id="HW_ILA" value="hw_ila_1"/>
        <Option Id="LINK_TO_WAVEFORM" value="1"/>
        <Option Id="MAP" value="probe0[23:0]"/>
        <Option Id="NAME.CUSTOM" value="debug1_1"/>
        <Option Id="NAME.SELECT" value="Custom"/>
        <Option Id="SOURCE" value="netlist"/>
        <Option Id="TRIGGER_COMPARE_VALUE" value="eq24&apos;hXX_XXXX"/>
        <Option Id="WAVEFORM_STYLE" value="Digital"/>
      </probeOptions>
      <nets>
        <net name="design_1_i/system_ila_0/U0/probe0_1[23]"/>
        <net name="design_1_i/system_ila_0/U0/probe0_1[22]"/>
        <net name="design_1_i/system_ila_0/U0/probe0_1[21]"/>
        <net name="design_1_i/system_ila_0/U0/probe0_1[20]"/>
        <net name="design_1_i/system_ila_0/U0/probe0_1[19]"/>
        <net name="design_1_i/system_ila_0/U0/probe0_1[18]"/>
        <net name="design_1_i/system_ila_0/U0/probe0_1[17]"/>
        <net name="design_1_i/system_ila_0/U0/probe0_1[16]"/>
        <net name="design_1_i/system_ila_0/U0/probe0_1[15]"/>
        <net name="design_1_i/system_ila_0/U0/probe0_1[14]"/>
        <net name="design_1_i/system_ila_0/U0/probe0_1[13]"/>
        <net name="design_1_i/system_ila_0/U0/probe0_1[12]"/>
        <net name="design_1_i/system_ila_0/U0/probe0_1[11]"/>
        <net name="design_1_i/system_ila_0/U0/probe0_1[10]"/>
        <net name="design_1_i/system_ila_0/U0/probe0_1[9]"/>
        <net name="design_1_i/system_ila_0/U0/probe0_1[8]"/>
        <net name="design_1_i/system_ila_0/U0/probe0_1[7]"/>
        <net name="design_1_i/system_ila_0/U0/probe0_1[6]"/>
        <net name="design_1_i/system_ila_0/U0/probe0_1[5]"/>
        <net name="design_1_i/system_ila_0/U0/probe0_1[4]"/>
        <net name="design_1_i/system_ila_0/U0/probe0_1[3]"/>
        <net name="design_1_i/system_ila_0/U0/probe0_1[2]"/>
        <net name="design_1_i/system_ila_0/U0/probe0_1[1]"/>
        <net name="design_1_i/system_ila_0/U0/probe0_1[0]"/>
      </nets>
    </probe>
    <probe type="ila" busType="net" source="netlist" spec="ILA_V2_RT">
      <probeOptions Id="DebugProbeParams">
        <Option Id="CAPTURE_COMPARE_VALUE" value="eq30&apos;hXXXX_XXXX"/>
        <Option Id="COMPARE_VALUE.0" value="eq30&apos;hXXXX_XXXX"/>
        <Option Id="DISPLAY_AS_ENUM" value="1"/>
        <Option Id="DISPLAY_HINT" value=""/>
        <Option Id="DISPLAY_RADIX" value="SIGNED"/>
        <Option Id="DISPLAY_VISIBILITY" value=""/>
        <Option Id="HW_ILA" value="hw_ila_1"/>
        <Option Id="LINK_TO_WAVEFORM" value="1"/>
        <Option Id="MAP" value="probe0[29:0]"/>
        <Option Id="NAME.CUSTOM" value="debug_1"/>
        <Option Id="NAME.SELECT" value="Custom"/>
        <Option Id="SOURCE" value="netlist"/>
        <Option Id="TRIGGER_COMPARE_VALUE" value="eq30&apos;hXXXX_XXXX"/>
        <Option Id="WAVEFORM_STYLE" value="Digital"/>
      </probeOptions>
      <nets>
        <net name="design_1_i/system_ila_0/U0/probe0_1[29]"/>
        <net name="design_1_i/system_ila_0/U0/probe0_1[28]"/>
        <net name="design_1_i/system_ila_0/U0/probe0_1[27]"/>
        <net name="design_1_i/system_ila_0/U0/probe0_1[26]"/>
        <net name="design_1_i/system_ila_0/U0/probe0_1[25]"/>
        <net name="design_1_i/system_ila_0/U0/probe0_1[24]"/>
        <net name="design_1_i/system_ila_0/U0/probe0_1[23]"/>
        <net name="design_1_i/system_ila_0/U0/probe0_1[22]"/>
        <net name="design_1_i/system_ila_0/U0/probe0_1[21]"/>
        <net name="design_1_i/system_ila_0/U0/probe0_1[20]"/>
        <net name="design_1_i/system_ila_0/U0/probe0_1[19]"/>
        <net name="design_1_i/system_ila_0/U0/probe0_1[18]"/>
        <net name="design_1_i/system_ila_0/U0/probe0_1[17]"/>
        <net name="design_1_i/system_ila_0/U0/probe0_1[16]"/>
        <net name="design_1_i/system_ila_0/U0/probe0_1[15]"/>
        <net name="design_1_i/system_ila_0/U0/probe0_1[14]"/>
        <net name="design_1_i/system_ila_0/U0/probe0_1[13]"/>
        <net name="design_1_i/system_ila_0/U0/probe0_1[12]"/>
        <net name="design_1_i/system_ila_0/U0/probe0_1[11]"/>
        <net name="design_1_i/system_ila_0/U0/probe0_1[10]"/>
        <net name="design_1_i/system_ila_0/U0/probe0_1[9]"/>
        <net name="design_1_i/system_ila_0/U0/probe0_1[8]"/>
        <net name="design_1_i/system_ila_0/U0/probe0_1[7]"/>
        <net name="design_1_i/system_ila_0/U0/probe0_1[6]"/>
        <net name="design_1_i/system_ila_0/U0/probe0_1[5]"/>
        <net name="design_1_i/system_ila_0/U0/probe0_1[4]"/>
        <net name="design_1_i/system_ila_0/U0/probe0_1[3]"/>
        <net name="design_1_i/system_ila_0/U0/probe0_1[2]"/>
        <net name="design_1_i/system_ila_0/U0/probe0_1[1]"/>
        <net name="design_1_i/system_ila_0/U0/probe0_1[0]"/>
      </nets>
    </probe>
    <probe type="ila" busType="net" source="netlist" spec="ILA_V2_RT">
      <probeOptions Id="DebugProbeParams">
        <Option Id="CAPTURE_COMPARE_VALUE" value="eq10&apos;hXXX"/>
        <Option Id="COMPARE_VALUE.0" value="eq10&apos;hXXX"/>
        <Option Id="DISPLAY_AS_ENUM" value="1"/>
        <Option Id="DISPLAY_HINT" value=""/>
        <Option Id="DISPLAY_RADIX" value="HEX"/>
        <Option Id="DISPLAY_VISIBILITY" value=""/>
        <Option Id="HW_ILA" value="hw_ila_1"/>
        <Option Id="LINK_TO_WAVEFORM" value="1"/>
        <Option Id="MAP" value="probe0[9:0]"/>
        <Option Id="NAME.CUSTOM" value="digilent_jstk2_0_jstk_y"/>
        <Option Id="NAME.SELECT" value="Custom"/>
        <Option Id="SOURCE" value="netlist"/>
        <Option Id="TRIGGER_COMPARE_VALUE" value="eq10&apos;hXXX"/>
        <Option Id="WAVEFORM_STYLE" value="Digital"/>
      </probeOptions>
      <nets>
        <net name="design_1_i/system_ila_0/U0/probe0_1[9]"/>
        <net name="design_1_i/system_ila_0/U0/probe0_1[8]"/>
        <net name="design_1_i/system_ila_0/U0/probe0_1[7]"/>
        <net name="design_1_i/system_ila_0/U0/probe0_1[6]"/>
        <net name="design_1_i/system_ila_0/U0/probe0_1[5]"/>
        <net name="design_1_i/system_ila_0/U0/probe0_1[4]"/>
        <net name="design_1_i/system_ila_0/U0/probe0_1[3]"/>
        <net name="design_1_i/system_ila_0/U0/probe0_1[2]"/>
        <net name="design_1_i/system_ila_0/U0/probe0_1[1]"/>
        <net name="design_1_i/system_ila_0/U0/probe0_1[0]"/>
      </nets>
    </probe>
    <probe type="ila" busType="net" source="netlist" spec="ILA_V2_RT">
      <probeOptions Id="DebugProbeParams">
        <Option Id="CAPTURE_COMPARE_VALUE" value="eq24&apos;hXX_XXXX"/>
        <Option Id="COMPARE_VALUE.0" value="eq24&apos;hXX_XXXX"/>
        <Option Id="DISPLAY_AS_ENUM" value="1"/>
        <Option Id="DISPLAY_HINT" value=""/>
        <Option Id="DISPLAY_RADIX" value="HEX"/>
        <Option Id="DISPLAY_VISIBILITY" value=""/>
        <Option Id="HW_ILA" value="hw_ila_1"/>
        <Option Id="LINK_TO_WAVEFORM" value="1"/>
        <Option Id="MAP" value="probe10[23:0]"/>
        <Option Id="NAME.CUSTOM" value="debug_11"/>
        <Option Id="NAME.SELECT" value="Custom"/>
        <Option Id="SOURCE" value="netlist"/>
        <Option Id="TRIGGER_COMPARE_VALUE" value="eq24&apos;hXX_XXXX"/>
        <Option Id="WAVEFORM_STYLE" value="Digital"/>
      </probeOptions>
      <nets>
        <net name="design_1_i/system_ila_0/U0/probe10_1[23]"/>
        <net name="design_1_i/system_ila_0/U0/probe10_1[22]"/>
        <net name="design_1_i/system_ila_0/U0/probe10_1[21]"/>
        <net name="design_1_i/system_ila_0/U0/probe10_1[20]"/>
        <net name="design_1_i/system_ila_0/U0/probe10_1[19]"/>
        <net name="design_1_i/system_ila_0/U0/probe10_1[18]"/>
        <net name="design_1_i/system_ila_0/U0/probe10_1[17]"/>
        <net name="design_1_i/system_ila_0/U0/probe10_1[16]"/>
        <net name="design_1_i/system_ila_0/U0/probe10_1[15]"/>
        <net name="design_1_i/system_ila_0/U0/probe10_1[14]"/>
        <net name="design_1_i/system_ila_0/U0/probe10_1[13]"/>
        <net name="design_1_i/system_ila_0/U0/probe10_1[12]"/>
        <net name="design_1_i/system_ila_0/U0/probe10_1[11]"/>
        <net name="design_1_i/system_ila_0/U0/probe10_1[10]"/>
        <net name="design_1_i/system_ila_0/U0/probe10_1[9]"/>
        <net name="design_1_i/system_ila_0/U0/probe10_1[8]"/>
        <net name="design_1_i/system_ila_0/U0/probe10_1[7]"/>
        <net name="design_1_i/system_ila_0/U0/probe10_1[6]"/>
        <net name="design_1_i/system_ila_0/U0/probe10_1[5]"/>
        <net name="design_1_i/system_ila_0/U0/probe10_1[4]"/>
        <net name="design_1_i/system_ila_0/U0/probe10_1[3]"/>
        <net name="design_1_i/system_ila_0/U0/probe10_1[2]"/>
        <net name="design_1_i/system_ila_0/U0/probe10_1[1]"/>
        <net name="design_1_i/system_ila_0/U0/probe10_1[0]"/>
      </nets>
    </probe>
    <probe type="ila" busType="net" source="netlist" spec="ILA_V2_RT">
      <probeOptions Id="DebugProbeParams">
        <Option Id="CAPTURE_COMPARE_VALUE" value="eq24&apos;hXX_XXXX"/>
        <Option Id="COMPARE_VALUE.0" value="eq24&apos;hXX_XXXX"/>
        <Option Id="DISPLAY_AS_ENUM" value="1"/>
        <Option Id="DISPLAY_HINT" value=""/>
        <Option Id="DISPLAY_RADIX" value="HEX"/>
        <Option Id="DISPLAY_VISIBILITY" value=""/>
        <Option Id="HW_ILA" value="hw_ila_1"/>
        <Option Id="LINK_TO_WAVEFORM" value="1"/>
        <Option Id="MAP" value="probe11[23:0]"/>
        <Option Id="NAME.CUSTOM" value="debug_12"/>
        <Option Id="NAME.SELECT" value="Custom"/>
        <Option Id="SOURCE" value="netlist"/>
        <Option Id="TRIGGER_COMPARE_VALUE" value="eq24&apos;hXX_XXXX"/>
        <Option Id="WAVEFORM_STYLE" value="Digital"/>
      </probeOptions>
      <nets>
        <net name="design_1_i/system_ila_0/U0/probe11_1[23]"/>
        <net name="design_1_i/system_ila_0/U0/probe11_1[22]"/>
        <net name="design_1_i/system_ila_0/U0/probe11_1[21]"/>
        <net name="design_1_i/system_ila_0/U0/probe11_1[20]"/>
        <net name="design_1_i/system_ila_0/U0/probe11_1[19]"/>
        <net name="design_1_i/system_ila_0/U0/probe11_1[18]"/>
        <net name="design_1_i/system_ila_0/U0/probe11_1[17]"/>
        <net name="design_1_i/system_ila_0/U0/probe11_1[16]"/>
        <net name="design_1_i/system_ila_0/U0/probe11_1[15]"/>
        <net name="design_1_i/system_ila_0/U0/probe11_1[14]"/>
        <net name="design_1_i/system_ila_0/U0/probe11_1[13]"/>
        <net name="design_1_i/system_ila_0/U0/probe11_1[12]"/>
        <net name="design_1_i/system_ila_0/U0/probe11_1[11]"/>
        <net name="design_1_i/system_ila_0/U0/probe11_1[10]"/>
        <net name="design_1_i/system_ila_0/U0/probe11_1[9]"/>
        <net name="design_1_i/system_ila_0/U0/probe11_1[8]"/>
        <net name="design_1_i/system_ila_0/U0/probe11_1[7]"/>
        <net name="design_1_i/system_ila_0/U0/probe11_1[6]"/>
        <net name="design_1_i/system_ila_0/U0/probe11_1[5]"/>
        <net name="design_1_i/system_ila_0/U0/probe11_1[4]"/>
        <net name="design_1_i/system_ila_0/U0/probe11_1[3]"/>
        <net name="design_1_i/system_ila_0/U0/probe11_1[2]"/>
        <net name="design_1_i/system_ila_0/U0/probe11_1[1]"/>
        <net name="design_1_i/system_ila_0/U0/probe11_1[0]"/>
      </nets>
    </probe>
    <probe type="ila" busType="net" source="netlist" spec="ILA_V2_RT">
      <probeOptions Id="DebugProbeParams">
        <Option Id="CAPTURE_COMPARE_VALUE" value="eq24&apos;hXX_XXXX"/>
        <Option Id="COMPARE_VALUE.0" value="eq24&apos;hXX_XXXX"/>
        <Option Id="DISPLAY_AS_ENUM" value="1"/>
        <Option Id="DISPLAY_HINT" value=""/>
        <Option Id="DISPLAY_RADIX" value="HEX"/>
        <Option Id="DISPLAY_VISIBILITY" value=""/>
        <Option Id="HW_ILA" value="hw_ila_1"/>
        <Option Id="LINK_TO_WAVEFORM" value="1"/>
        <Option Id="MAP" value="probe12[23:0]"/>
        <Option Id="NAME.CUSTOM" value="debug_13"/>
        <Option Id="NAME.SELECT" value="Custom"/>
        <Option Id="SOURCE" value="netlist"/>
        <Option Id="TRIGGER_COMPARE_VALUE" value="eq24&apos;hXX_XXXX"/>
        <Option Id="WAVEFORM_STYLE" value="Digital"/>
      </probeOptions>
      <nets>
        <net name="design_1_i/system_ila_0/U0/probe12_1[23]"/>
        <net name="design_1_i/system_ila_0/U0/probe12_1[22]"/>
        <net name="design_1_i/system_ila_0/U0/probe12_1[21]"/>
        <net name="design_1_i/system_ila_0/U0/probe12_1[20]"/>
        <net name="design_1_i/system_ila_0/U0/probe12_1[19]"/>
        <net name="design_1_i/system_ila_0/U0/probe12_1[18]"/>
        <net name="design_1_i/system_ila_0/U0/probe12_1[17]"/>
        <net name="design_1_i/system_ila_0/U0/probe12_1[16]"/>
        <net name="design_1_i/system_ila_0/U0/probe12_1[15]"/>
        <net name="design_1_i/system_ila_0/U0/probe12_1[14]"/>
        <net name="design_1_i/system_ila_0/U0/probe12_1[13]"/>
        <net name="design_1_i/system_ila_0/U0/probe12_1[12]"/>
        <net name="design_1_i/system_ila_0/U0/probe12_1[11]"/>
        <net name="design_1_i/system_ila_0/U0/probe12_1[10]"/>
        <net name="design_1_i/system_ila_0/U0/probe12_1[9]"/>
        <net name="design_1_i/system_ila_0/U0/probe12_1[8]"/>
        <net name="design_1_i/system_ila_0/U0/probe12_1[7]"/>
        <net name="design_1_i/system_ila_0/U0/probe12_1[6]"/>
        <net name="design_1_i/system_ila_0/U0/probe12_1[5]"/>
        <net name="design_1_i/system_ila_0/U0/probe12_1[4]"/>
        <net name="design_1_i/system_ila_0/U0/probe12_1[3]"/>
        <net name="design_1_i/system_ila_0/U0/probe12_1[2]"/>
        <net name="design_1_i/system_ila_0/U0/probe12_1[1]"/>
        <net name="design_1_i/system_ila_0/U0/probe12_1[0]"/>
      </nets>
    </probe>
    <probe type="ila" busType="net" source="netlist" spec="ILA_V2_RT">
      <probeOptions Id="DebugProbeParams">
        <Option Id="CAPTURE_COMPARE_VALUE" value="eq24&apos;hXX_XXXX"/>
        <Option Id="COMPARE_VALUE.0" value="eq24&apos;hXX_XXXX"/>
        <Option Id="DISPLAY_AS_ENUM" value="1"/>
        <Option Id="DISPLAY_HINT" value=""/>
        <Option Id="DISPLAY_RADIX" value="HEX"/>
        <Option Id="DISPLAY_VISIBILITY" value=""/>
        <Option Id="HW_ILA" value="hw_ila_1"/>
        <Option Id="LINK_TO_WAVEFORM" value="1"/>
        <Option Id="MAP" value="probe1[23:0]"/>
        <Option Id="NAME.CUSTOM" value="debug1_1"/>
        <Option Id="NAME.SELECT" value="Custom"/>
        <Option Id="SOURCE" value="netlist"/>
        <Option Id="TRIGGER_COMPARE_VALUE" value="eq24&apos;hXX_XXXX"/>
        <Option Id="WAVEFORM_STYLE" value="Digital"/>
      </probeOptions>
      <nets>
        <net name="design_1_i/system_ila_0/U0/probe1_1[23]"/>
        <net name="design_1_i/system_ila_0/U0/probe1_1[22]"/>
        <net name="design_1_i/system_ila_0/U0/probe1_1[21]"/>
        <net name="design_1_i/system_ila_0/U0/probe1_1[20]"/>
        <net name="design_1_i/system_ila_0/U0/probe1_1[19]"/>
        <net name="design_1_i/system_ila_0/U0/probe1_1[18]"/>
        <net name="design_1_i/system_ila_0/U0/probe1_1[17]"/>
        <net name="design_1_i/system_ila_0/U0/probe1_1[16]"/>
        <net name="design_1_i/system_ila_0/U0/probe1_1[15]"/>
        <net name="design_1_i/system_ila_0/U0/probe1_1[14]"/>
        <net name="design_1_i/system_ila_0/U0/probe1_1[13]"/>
        <net name="design_1_i/system_ila_0/U0/probe1_1[12]"/>
        <net name="design_1_i/system_ila_0/U0/probe1_1[11]"/>
        <net name="design_1_i/system_ila_0/U0/probe1_1[10]"/>
        <net name="design_1_i/system_ila_0/U0/probe1_1[9]"/>
        <net name="design_1_i/system_ila_0/U0/probe1_1[8]"/>
        <net name="design_1_i/system_ila_0/U0/probe1_1[7]"/>
        <net name="design_1_i/system_ila_0/U0/probe1_1[6]"/>
        <net name="design_1_i/system_ila_0/U0/probe1_1[5]"/>
        <net name="design_1_i/system_ila_0/U0/probe1_1[4]"/>
        <net name="design_1_i/system_ila_0/U0/probe1_1[3]"/>
        <net name="design_1_i/system_ila_0/U0/probe1_1[2]"/>
        <net name="design_1_i/system_ila_0/U0/probe1_1[1]"/>
        <net name="design_1_i/system_ila_0/U0/probe1_1[0]"/>
      </nets>
    </probe>
    <probe type="ila" busType="net" source="netlist" spec="ILA_V2_RT">
      <probeOptions Id="DebugProbeParams">
        <Option Id="CAPTURE_COMPARE_VALUE" value="eq30&apos;hXXXX_XXXX"/>
        <Option Id="COMPARE_VALUE.0" value="eq30&apos;hXXXX_XXXX"/>
        <Option Id="DISPLAY_AS_ENUM" value="1"/>
        <Option Id="DISPLAY_HINT" value=""/>
        <Option Id="DISPLAY_RADIX" value="SIGNED"/>
        <Option Id="DISPLAY_VISIBILITY" value=""/>
        <Option Id="HW_ILA" value="hw_ila_1"/>
        <Option Id="LINK_TO_WAVEFORM" value="1"/>
        <Option Id="MAP" value="probe1[29:0]"/>
        <Option Id="NAME.CUSTOM" value="debug_2"/>
        <Option Id="NAME.SELECT" value="Custom"/>
        <Option Id="SOURCE" value="netlist"/>
        <Option Id="TRIGGER_COMPARE_VALUE" value="eq30&apos;hXXXX_XXXX"/>
        <Option Id="WAVEFORM_STYLE" value="Digital"/>
      </probeOptions>
      <nets>
        <net name="design_1_i/system_ila_0/U0/probe1_1[29]"/>
        <net name="design_1_i/system_ila_0/U0/probe1_1[28]"/>
        <net name="design_1_i/system_ila_0/U0/probe1_1[27]"/>
        <net name="design_1_i/system_ila_0/U0/probe1_1[26]"/>
        <net name="design_1_i/system_ila_0/U0/probe1_1[25]"/>
        <net name="design_1_i/system_ila_0/U0/probe1_1[24]"/>
        <net name="design_1_i/system_ila_0/U0/probe1_1[23]"/>
        <net name="design_1_i/system_ila_0/U0/probe1_1[22]"/>
        <net name="design_1_i/system_ila_0/U0/probe1_1[21]"/>
        <net name="design_1_i/system_ila_0/U0/probe1_1[20]"/>
        <net name="design_1_i/system_ila_0/U0/probe1_1[19]"/>
        <net name="design_1_i/system_ila_0/U0/probe1_1[18]"/>
        <net name="design_1_i/system_ila_0/U0/probe1_1[17]"/>
        <net name="design_1_i/system_ila_0/U0/probe1_1[16]"/>
        <net name="design_1_i/system_ila_0/U0/probe1_1[15]"/>
        <net name="design_1_i/system_ila_0/U0/probe1_1[14]"/>
        <net name="design_1_i/system_ila_0/U0/probe1_1[13]"/>
        <net name="design_1_i/system_ila_0/U0/probe1_1[12]"/>
        <net name="design_1_i/system_ila_0/U0/probe1_1[11]"/>
        <net name="design_1_i/system_ila_0/U0/probe1_1[10]"/>
        <net name="design_1_i/system_ila_0/U0/probe1_1[9]"/>
        <net name="design_1_i/system_ila_0/U0/probe1_1[8]"/>
        <net name="design_1_i/system_ila_0/U0/probe1_1[7]"/>
        <net name="design_1_i/system_ila_0/U0/probe1_1[6]"/>
        <net name="design_1_i/system_ila_0/U0/probe1_1[5]"/>
        <net name="design_1_i/system_ila_0/U0/probe1_1[4]"/>
        <net name="design_1_i/system_ila_0/U0/probe1_1[3]"/>
        <net name="design_1_i/system_ila_0/U0/probe1_1[2]"/>
        <net name="design_1_i/system_ila_0/U0/probe1_1[1]"/>
        <net name="design_1_i/system_ila_0/U0/probe1_1[0]"/>
      </nets>
    </probe>
    <probe type="ila" busType="net" source="netlist" spec="ILA_V2_RT">
      <probeOptions Id="DebugProbeParams">
        <Option Id="CAPTURE_COMPARE_VALUE" value="eq10&apos;hXXX"/>
        <Option Id="COMPARE_VALUE.0" value="eq10&apos;hXXX"/>
        <Option Id="DISPLAY_AS_ENUM" value="1"/>
        <Option Id="DISPLAY_HINT" value=""/>
        <Option Id="DISPLAY_RADIX" value="SIGNED"/>
        <Option Id="DISPLAY_VISIBILITY" value=""/>
        <Option Id="HW_ILA" value="hw_ila_1"/>
        <Option Id="LINK_TO_WAVEFORM" value="1"/>
        <Option Id="MAP" value="probe1[9:0]"/>
        <Option Id="NAME.CUSTOM" value="debug2_1"/>
        <Option Id="NAME.SELECT" value="Custom"/>
        <Option Id="SOURCE" value="netlist"/>
        <Option Id="TRIGGER_COMPARE_VALUE" value="eq10&apos;hXXX"/>
        <Option Id="WAVEFORM_STYLE" value="Digital"/>
      </probeOptions>
      <nets>
        <net name="design_1_i/system_ila_0/U0/probe1_1[9]"/>
        <net name="design_1_i/system_ila_0/U0/probe1_1[8]"/>
        <net name="design_1_i/system_ila_0/U0/probe1_1[7]"/>
        <net name="design_1_i/system_ila_0/U0/probe1_1[6]"/>
        <net name="design_1_i/system_ila_0/U0/probe1_1[5]"/>
        <net name="design_1_i/system_ila_0/U0/probe1_1[4]"/>
        <net name="design_1_i/system_ila_0/U0/probe1_1[3]"/>
        <net name="design_1_i/system_ila_0/U0/probe1_1[2]"/>
        <net name="design_1_i/system_ila_0/U0/probe1_1[1]"/>
        <net name="design_1_i/system_ila_0/U0/probe1_1[0]"/>
      </nets>
    </probe>
    <probe type="ila" busType="net" source="netlist" spec="ILA_V2_RT">
      <probeOptions Id="DebugProbeParams">
        <Option Id="CAPTURE_COMPARE_VALUE" value="eq30&apos;hXXXX_XXXX"/>
        <Option Id="COMPARE_VALUE.0" value="eq30&apos;hXXXX_XXXX"/>
        <Option Id="DISPLAY_AS_ENUM" value="1"/>
        <Option Id="DISPLAY_HINT" value=""/>
        <Option Id="DISPLAY_RADIX" value="SIGNED"/>
        <Option Id="DISPLAY_VISIBILITY" value=""/>
        <Option Id="HW_ILA" value="hw_ila_1"/>
        <Option Id="LINK_TO_WAVEFORM" value="1"/>
        <Option Id="MAP" value="probe2[29:0]"/>
        <Option Id="NAME.CUSTOM" value="debug_3"/>
        <Option Id="NAME.SELECT" value="Custom"/>
        <Option Id="SOURCE" value="netlist"/>
        <Option Id="TRIGGER_COMPARE_VALUE" value="eq30&apos;hXXXX_XXXX"/>
        <Option Id="WAVEFORM_STYLE" value="Digital"/>
      </probeOptions>
      <nets>
        <net name="design_1_i/system_ila_0/U0/probe2_1[29]"/>
        <net name="design_1_i/system_ila_0/U0/probe2_1[28]"/>
        <net name="design_1_i/system_ila_0/U0/probe2_1[27]"/>
        <net name="design_1_i/system_ila_0/U0/probe2_1[26]"/>
        <net name="design_1_i/system_ila_0/U0/probe2_1[25]"/>
        <net name="design_1_i/system_ila_0/U0/probe2_1[24]"/>
        <net name="design_1_i/system_ila_0/U0/probe2_1[23]"/>
        <net name="design_1_i/system_ila_0/U0/probe2_1[22]"/>
        <net name="design_1_i/system_ila_0/U0/probe2_1[21]"/>
        <net name="design_1_i/system_ila_0/U0/probe2_1[20]"/>
        <net name="design_1_i/system_ila_0/U0/probe2_1[19]"/>
        <net name="design_1_i/system_ila_0/U0/probe2_1[18]"/>
        <net name="design_1_i/system_ila_0/U0/probe2_1[17]"/>
        <net name="design_1_i/system_ila_0/U0/probe2_1[16]"/>
        <net name="design_1_i/system_ila_0/U0/probe2_1[15]"/>
        <net name="design_1_i/system_ila_0/U0/probe2_1[14]"/>
        <net name="design_1_i/system_ila_0/U0/probe2_1[13]"/>
        <net name="design_1_i/system_ila_0/U0/probe2_1[12]"/>
        <net name="design_1_i/system_ila_0/U0/probe2_1[11]"/>
        <net name="design_1_i/system_ila_0/U0/probe2_1[10]"/>
        <net name="design_1_i/system_ila_0/U0/probe2_1[9]"/>
        <net name="design_1_i/system_ila_0/U0/probe2_1[8]"/>
        <net name="design_1_i/system_ila_0/U0/probe2_1[7]"/>
        <net name="design_1_i/system_ila_0/U0/probe2_1[6]"/>
        <net name="design_1_i/system_ila_0/U0/probe2_1[5]"/>
        <net name="design_1_i/system_ila_0/U0/probe2_1[4]"/>
        <net name="design_1_i/system_ila_0/U0/probe2_1[3]"/>
        <net name="design_1_i/system_ila_0/U0/probe2_1[2]"/>
        <net name="design_1_i/system_ila_0/U0/probe2_1[1]"/>
        <net name="design_1_i/system_ila_0/U0/probe2_1[0]"/>
      </nets>
    </probe>
    <probe type="ila" busType="net" source="netlist" spec="ILA_V2_RT">
      <probeOptions Id="DebugProbeParams">
        <Option Id="CAPTURE_COMPARE_VALUE" value="eq10&apos;hXXX"/>
        <Option Id="COMPARE_VALUE.0" value="eq10&apos;hXXX"/>
        <Option Id="DISPLAY_AS_ENUM" value="1"/>
        <Option Id="DISPLAY_HINT" value=""/>
        <Option Id="DISPLAY_RADIX" value="HEX"/>
        <Option Id="DISPLAY_VISIBILITY" value=""/>
        <Option Id="HW_ILA" value="hw_ila_1"/>
        <Option Id="LINK_TO_WAVEFORM" value="1"/>
        <Option Id="MAP" value="probe2[9:0]"/>
        <Option Id="NAME.CUSTOM" value="debug3_1"/>
        <Option Id="NAME.SELECT" value="Custom"/>
        <Option Id="SOURCE" value="netlist"/>
        <Option Id="TRIGGER_COMPARE_VALUE" value="eq10&apos;hXXX"/>
        <Option Id="WAVEFORM_STYLE" value="Digital"/>
      </probeOptions>
      <nets>
        <net name="design_1_i/system_ila_0/U0/probe2_1[9]"/>
        <net name="design_1_i/system_ila_0/U0/probe2_1[8]"/>
        <net name="design_1_i/system_ila_0/U0/probe2_1[7]"/>
        <net name="design_1_i/system_ila_0/U0/probe2_1[6]"/>
        <net name="design_1_i/system_ila_0/U0/probe2_1[5]"/>
        <net name="design_1_i/system_ila_0/U0/probe2_1[4]"/>
        <net name="design_1_i/system_ila_0/U0/probe2_1[3]"/>
        <net name="design_1_i/system_ila_0/U0/probe2_1[2]"/>
        <net name="design_1_i/system_ila_0/U0/probe2_1[1]"/>
        <net name="design_1_i/system_ila_0/U0/probe2_1[0]"/>
      </nets>
    </probe>
    <probe type="ila" busType="net" source="netlist" spec="ILA_V2_RT">
      <probeOptions Id="DebugProbeParams">
        <Option Id="CAPTURE_COMPARE_VALUE" value="eq30&apos;hXXXX_XXXX"/>
        <Option Id="COMPARE_VALUE.0" value="eq30&apos;hXXXX_XXXX"/>
        <Option Id="DISPLAY_AS_ENUM" value="1"/>
        <Option Id="DISPLAY_HINT" value=""/>
        <Option Id="DISPLAY_RADIX" value="SIGNED"/>
        <Option Id="DISPLAY_VISIBILITY" value=""/>
        <Option Id="HW_ILA" value="hw_ila_1"/>
        <Option Id="LINK_TO_WAVEFORM" value="1"/>
        <Option Id="MAP" value="probe3[29:0]"/>
        <Option Id="NAME.CUSTOM" value="debug_4"/>
        <Option Id="NAME.SELECT" value="Custom"/>
        <Option Id="SOURCE" value="netlist"/>
        <Option Id="TRIGGER_COMPARE_VALUE" value="eq30&apos;hXXXX_XXXX"/>
        <Option Id="WAVEFORM_STYLE" value="Digital"/>
      </probeOptions>
      <nets>
        <net name="design_1_i/system_ila_0/U0/probe3_1[29]"/>
        <net name="design_1_i/system_ila_0/U0/probe3_1[28]"/>
        <net name="design_1_i/system_ila_0/U0/probe3_1[27]"/>
        <net name="design_1_i/system_ila_0/U0/probe3_1[26]"/>
        <net name="design_1_i/system_ila_0/U0/probe3_1[25]"/>
        <net name="design_1_i/system_ila_0/U0/probe3_1[24]"/>
        <net name="design_1_i/system_ila_0/U0/probe3_1[23]"/>
        <net name="design_1_i/system_ila_0/U0/probe3_1[22]"/>
        <net name="design_1_i/system_ila_0/U0/probe3_1[21]"/>
        <net name="design_1_i/system_ila_0/U0/probe3_1[20]"/>
        <net name="design_1_i/system_ila_0/U0/probe3_1[19]"/>
        <net name="design_1_i/system_ila_0/U0/probe3_1[18]"/>
        <net name="design_1_i/system_ila_0/U0/probe3_1[17]"/>
        <net name="design_1_i/system_ila_0/U0/probe3_1[16]"/>
        <net name="design_1_i/system_ila_0/U0/probe3_1[15]"/>
        <net name="design_1_i/system_ila_0/U0/probe3_1[14]"/>
        <net name="design_1_i/system_ila_0/U0/probe3_1[13]"/>
        <net name="design_1_i/system_ila_0/U0/probe3_1[12]"/>
        <net name="design_1_i/system_ila_0/U0/probe3_1[11]"/>
        <net name="design_1_i/system_ila_0/U0/probe3_1[10]"/>
        <net name="design_1_i/system_ila_0/U0/probe3_1[9]"/>
        <net name="design_1_i/system_ila_0/U0/probe3_1[8]"/>
        <net name="design_1_i/system_ila_0/U0/probe3_1[7]"/>
        <net name="design_1_i/system_ila_0/U0/probe3_1[6]"/>
        <net name="design_1_i/system_ila_0/U0/probe3_1[5]"/>
        <net name="design_1_i/system_ila_0/U0/probe3_1[4]"/>
        <net name="design_1_i/system_ila_0/U0/probe3_1[3]"/>
        <net name="design_1_i/system_ila_0/U0/probe3_1[2]"/>
        <net name="design_1_i/system_ila_0/U0/probe3_1[1]"/>
        <net name="design_1_i/system_ila_0/U0/probe3_1[0]"/>
      </nets>
    </probe>
    <probe type="ila" busType="net" source="netlist" spec="ILA_V2_RT">
      <probeOptions Id="DebugProbeParams">
        <Option Id="CAPTURE_COMPARE_VALUE" value="eq10&apos;hXXX"/>
        <Option Id="COMPARE_VALUE.0" value="eq10&apos;hXXX"/>
        <Option Id="DISPLAY_AS_ENUM" value="1"/>
        <Option Id="DISPLAY_HINT" value=""/>
        <Option Id="DISPLAY_RADIX" value="HEX"/>
        <Option Id="DISPLAY_VISIBILITY" value=""/>
        <Option Id="HW_ILA" value="hw_ila_1"/>
        <Option Id="LINK_TO_WAVEFORM" value="1"/>
        <Option Id="MAP" value="probe3[9:0]"/>
        <Option Id="NAME.CUSTOM" value=""/>
        <Option Id="NAME.SELECT" value="Long"/>
        <Option Id="SOURCE" value="netlist"/>
        <Option Id="TRIGGER_COMPARE_VALUE" value="eq10&apos;hXXX"/>
        <Option Id="WAVEFORM_STYLE" value="Digital"/>
      </probeOptions>
      <nets>
        <net name="design_1_i/system_ila_0/U0/probe3_1[9]"/>
        <net name="design_1_i/system_ila_0/U0/probe3_1[8]"/>
        <net name="design_1_i/system_ila_0/U0/probe3_1[7]"/>
        <net name="design_1_i/system_ila_0/U0/probe3_1[6]"/>
        <net name="design_1_i/system_ila_0/U0/probe3_1[5]"/>
        <net name="design_1_i/system_ila_0/U0/probe3_1[4]"/>
        <net name="design_1_i/system_ila_0/U0/probe3_1[3]"/>
        <net name="design_1_i/system_ila_0/U0/probe3_1[2]"/>
        <net name="design_1_i/system_ila_0/U0/probe3_1[1]"/>
        <net name="design_1_i/system_ila_0/U0/probe3_1[0]"/>
      </nets>
    </probe>
    <probe type="ila" busType="net" source="netlist" spec="ILA_V2_RT">
      <probeOptions Id="DebugProbeParams">
        <Option Id="CAPTURE_COMPARE_VALUE" value="eq1&apos;bX"/>
        <Option Id="COMPARE_VALUE.0" value="eq1&apos;bX"/>
        <Option Id="DISPLAY_AS_ENUM" value="1"/>
        <Option Id="DISPLAY_HINT" value=""/>
        <Option Id="DISPLAY_RADIX" value="HEX"/>
        <Option Id="DISPLAY_VISIBILITY" value=""/>
        <Option Id="HW_ILA" value="hw_ila_1"/>
        <Option Id="LINK_TO_WAVEFORM" value="1"/>
        <Option Id="MAP" value="probe4[0]"/>
        <Option Id="NAME.CUSTOM" value="debug_5"/>
        <Option Id="NAME.SELECT" value="Custom"/>
        <Option Id="SOURCE" value="netlist"/>
        <Option Id="TRIGGER_COMPARE_VALUE" value="eq1&apos;bX"/>
        <Option Id="WAVEFORM_STYLE" value="Digital"/>
      </probeOptions>
      <nets>
        <net name="design_1_i/system_ila_0/U0/probe4_1"/>
      </nets>
    </probe>
    <probe type="ila" busType="net" source="netlist" spec="ILA_V2_RT">
      <probeOptions Id="DebugProbeParams">
        <Option Id="CAPTURE_COMPARE_VALUE" value="eq10&apos;hXXX"/>
        <Option Id="COMPARE_VALUE.0" value="eq10&apos;hXXX"/>
        <Option Id="DISPLAY_AS_ENUM" value="1"/>
        <Option Id="DISPLAY_HINT" value=""/>
        <Option Id="DISPLAY_RADIX" value="HEX"/>
        <Option Id="DISPLAY_VISIBILITY" value=""/>
        <Option Id="HW_ILA" value="hw_ila_1"/>
        <Option Id="LINK_TO_WAVEFORM" value="1"/>
        <Option Id="MAP" value="probe4[9:0]"/>
        <Option Id="NAME.CUSTOM" value=""/>
        <Option Id="NAME.SELECT" value="Long"/>
        <Option Id="SOURCE" value="netlist"/>
        <Option Id="TRIGGER_COMPARE_VALUE" value="eq10&apos;hXXX"/>
        <Option Id="WAVEFORM_STYLE" value="Digital"/>
      </probeOptions>
      <nets>
        <net name="design_1_i/system_ila_0/U0/probe4_1[9]"/>
        <net name="design_1_i/system_ila_0/U0/probe4_1[8]"/>
        <net name="design_1_i/system_ila_0/U0/probe4_1[7]"/>
        <net name="design_1_i/system_ila_0/U0/probe4_1[6]"/>
        <net name="design_1_i/system_ila_0/U0/probe4_1[5]"/>
        <net name="design_1_i/system_ila_0/U0/probe4_1[4]"/>
        <net name="design_1_i/system_ila_0/U0/probe4_1[3]"/>
        <net name="design_1_i/system_ila_0/U0/probe4_1[2]"/>
        <net name="design_1_i/system_ila_0/U0/probe4_1[1]"/>
        <net name="design_1_i/system_ila_0/U0/probe4_1[0]"/>
      </nets>
    </probe>
    <probe type="ila" busType="net" source="netlist" spec="ILA_V2_RT">
      <probeOptions Id="DebugProbeParams">
        <Option Id="CAPTURE_COMPARE_VALUE" value="eq1&apos;bX"/>
        <Option Id="COMPARE_VALUE.0" value="eq1&apos;bX"/>
        <Option Id="DISPLAY_AS_ENUM" value="1"/>
        <Option Id="DISPLAY_HINT" value=""/>
        <Option Id="DISPLAY_RADIX" value="HEX"/>
        <Option Id="DISPLAY_VISIBILITY" value=""/>
        <Option Id="HW_ILA" value="hw_ila_1"/>
        <Option Id="LINK_TO_WAVEFORM" value="1"/>
        <Option Id="MAP" value="probe5[0]"/>
        <Option Id="NAME.CUSTOM" value="debug_6"/>
        <Option Id="NAME.SELECT" value="Custom"/>
        <Option Id="SOURCE" value="netlist"/>
        <Option Id="TRIGGER_COMPARE_VALUE" value="eq1&apos;bX"/>
        <Option Id="WAVEFORM_STYLE" value="Digital"/>
      </probeOptions>
      <nets>
        <net name="design_1_i/system_ila_0/U0/probe5_1"/>
      </nets>
    </probe>
    <probe type="ila" busType="net" source="netlist" spec="ILA_V2_RT">
      <probeOptions Id="DebugProbeParams">
        <Option Id="CAPTURE_COMPARE_VALUE" value="eq10&apos;hXXX"/>
        <Option Id="COMPARE_VALUE.0" value="eq10&apos;hXXX"/>
        <Option Id="DISPLAY_AS_ENUM" value="1"/>
        <Option Id="DISPLAY_HINT" value=""/>
        <Option Id="DISPLAY_RADIX" value="HEX"/>
        <Option Id="DISPLAY_VISIBILITY" value=""/>
        <Option Id="HW_ILA" value="hw_ila_1"/>
        <Option Id="LINK_TO_WAVEFORM" value="1"/>
        <Option Id="MAP" value="probe5[9:0]"/>
        <Option Id="NAME.CUSTOM" value=""/>
        <Option Id="NAME.SELECT" value="Long"/>
        <Option Id="SOURCE" value="netlist"/>
        <Option Id="TRIGGER_COMPARE_VALUE" value="eq10&apos;hXXX"/>
        <Option Id="WAVEFORM_STYLE" value="Digital"/>
      </probeOptions>
      <nets>
        <net name="design_1_i/system_ila_0/U0/probe5_1[9]"/>
        <net name="design_1_i/system_ila_0/U0/probe5_1[8]"/>
        <net name="design_1_i/system_ila_0/U0/probe5_1[7]"/>
        <net name="design_1_i/system_ila_0/U0/probe5_1[6]"/>
        <net name="design_1_i/system_ila_0/U0/probe5_1[5]"/>
        <net name="design_1_i/system_ila_0/U0/probe5_1[4]"/>
        <net name="design_1_i/system_ila_0/U0/probe5_1[3]"/>
        <net name="design_1_i/system_ila_0/U0/probe5_1[2]"/>
        <net name="design_1_i/system_ila_0/U0/probe5_1[1]"/>
        <net name="design_1_i/system_ila_0/U0/probe5_1[0]"/>
      </nets>
    </probe>
    <probe type="ila" busType="net" source="netlist" spec="ILA_V2_RT">
      <probeOptions Id="DebugProbeParams">
        <Option Id="CAPTURE_COMPARE_VALUE" value="eq1&apos;bX"/>
        <Option Id="COMPARE_VALUE.0" value="eq1&apos;bX"/>
        <Option Id="DISPLAY_AS_ENUM" value="1"/>
        <Option Id="DISPLAY_HINT" value=""/>
        <Option Id="DISPLAY_RADIX" value="HEX"/>
        <Option Id="DISPLAY_VISIBILITY" value=""/>
        <Option Id="HW_ILA" value="hw_ila_1"/>
        <Option Id="LINK_TO_WAVEFORM" value="1"/>
        <Option Id="MAP" value="probe6[0]"/>
        <Option Id="NAME.CUSTOM" value="debug_7"/>
        <Option Id="NAME.SELECT" value="Custom"/>
        <Option Id="SOURCE" value="netlist"/>
        <Option Id="TRIGGER_COMPARE_VALUE" value="eq1&apos;bX"/>
        <Option Id="WAVEFORM_STYLE" value="Digital"/>
      </probeOptions>
      <nets>
        <net name="design_1_i/system_ila_0/U0/probe6_1"/>
      </nets>
    </probe>
    <probe type="ila" busType="net" source="netlist" spec="ILA_V2_RT">
      <probeOptions Id="DebugProbeParams">
        <Option Id="CAPTURE_COMPARE_VALUE" value="eq11&apos;hXXX"/>
        <Option Id="COMPARE_VALUE.0" value="eq11&apos;hXXX"/>
        <Option Id="DISPLAY_AS_ENUM" value="1"/>
        <Option Id="DISPLAY_HINT" value=""/>
        <Option Id="DISPLAY_RADIX" value="SIGNED"/>
        <Option Id="DISPLAY_VISIBILITY" value=""/>
        <Option Id="HW_ILA" value="hw_ila_1"/>
        <Option Id="LINK_TO_WAVEFORM" value="1"/>
        <Option Id="MAP" value="probe7[10:0]"/>
        <Option Id="NAME.CUSTOM" value="debug_8"/>
        <Option Id="NAME.SELECT" value="Custom"/>
        <Option Id="SOURCE" value="netlist"/>
        <Option Id="TRIGGER_COMPARE_VALUE" value="eq11&apos;hXXX"/>
        <Option Id="WAVEFORM_STYLE" value="Digital"/>
      </probeOptions>
      <nets>
        <net name="design_1_i/system_ila_0/U0/probe7_1[10]"/>
        <net name="design_1_i/system_ila_0/U0/probe7_1[9]"/>
        <net name="design_1_i/system_ila_0/U0/probe7_1[8]"/>
        <net name="design_1_i/system_ila_0/U0/probe7_1[7]"/>
        <net name="design_1_i/system_ila_0/U0/probe7_1[6]"/>
        <net name="design_1_i/system_ila_0/U0/probe7_1[5]"/>
        <net name="design_1_i/system_ila_0/U0/probe7_1[4]"/>
        <net name="design_1_i/system_ila_0/U0/probe7_1[3]"/>
        <net name="design_1_i/system_ila_0/U0/probe7_1[2]"/>
        <net name="design_1_i/system_ila_0/U0/probe7_1[1]"/>
        <net name="design_1_i/system_ila_0/U0/probe7_1[0]"/>
      </nets>
    </probe>
    <probe type="ila" busType="net" source="netlist" spec="ILA_V2_RT">
      <probeOptions Id="DebugProbeParams">
        <Option Id="CAPTURE_COMPARE_VALUE" value="eq1&apos;bX"/>
        <Option Id="COMPARE_VALUE.0" value="eq1&apos;bX"/>
        <Option Id="DISPLAY_AS_ENUM" value="1"/>
        <Option Id="DISPLAY_HINT" value=""/>
        <Option Id="DISPLAY_RADIX" value="HEX"/>
        <Option Id="DISPLAY_VISIBILITY" value=""/>
        <Option Id="HW_ILA" value="hw_ila_1"/>
        <Option Id="LINK_TO_WAVEFORM" value="1"/>
        <Option Id="MAP" value="probe8[0]"/>
        <Option Id="NAME.CUSTOM" value="edge_detector_1_edge_detected"/>
        <Option Id="NAME.SELECT" value="Custom"/>
        <Option Id="SOURCE" value="netlist"/>
        <Option Id="TRIGGER_COMPARE_VALUE" value="eq1&apos;bX"/>
        <Option Id="WAVEFORM_STYLE" value="Digital"/>
      </probeOptions>
      <nets>
        <net name="design_1_i/system_ila_0/U0/probe8_1"/>
      </nets>
    </probe>
    <probe type="ila" busType="net" source="netlist" spec="ILA_V2_RT">
      <probeOptions Id="DebugProbeParams">
        <Option Id="CAPTURE_COMPARE_VALUE" value="eq3&apos;hX"/>
        <Option Id="COMPARE_VALUE.0" value="eq3&apos;hX"/>
        <Option Id="DISPLAY_AS_ENUM" value="1"/>
        <Option Id="DISPLAY_HINT" value=""/>
        <Option Id="DISPLAY_RADIX" value="HEX"/>
        <Option Id="DISPLAY_VISIBILITY" value=""/>
        <Option Id="HW_ILA" value="hw_ila_1"/>
        <Option Id="LINK_TO_WAVEFORM" value="1"/>
        <Option Id="MAP" value="probe8[2:0]"/>
        <Option Id="NAME.CUSTOM" value="debug_9"/>
        <Option Id="NAME.SELECT" value="Custom"/>
        <Option Id="SOURCE" value="netlist"/>
        <Option Id="TRIGGER_COMPARE_VALUE" value="eq3&apos;hX"/>
        <Option Id="WAVEFORM_STYLE" value="Digital"/>
      </probeOptions>
      <nets>
        <net name="design_1_i/system_ila_0/U0/probe8_1[2]"/>
        <net name="design_1_i/system_ila_0/U0/probe8_1[1]"/>
        <net name="design_1_i/system_ila_0/U0/probe8_1[0]"/>
      </nets>
    </probe>
    <probe type="ila" busType="net" source="netlist" spec="ILA_V2_RT">
      <probeOptions Id="DebugProbeParams">
        <Option Id="CAPTURE_COMPARE_VALUE" value="eq24&apos;hXX_XXXX"/>
        <Option Id="COMPARE_VALUE.0" value="eq24&apos;hXX_XXXX"/>
        <Option Id="DISPLAY_AS_ENUM" value="1"/>
        <Option Id="DISPLAY_HINT" value=""/>
        <Option Id="DISPLAY_RADIX" value="HEX"/>
        <Option Id="DISPLAY_VISIBILITY" value=""/>
        <Option Id="HW_ILA" value="hw_ila_1"/>
        <Option Id="LINK_TO_WAVEFORM" value="1"/>
        <Option Id="MAP" value="probe9[23:0]"/>
        <Option Id="NAME.CUSTOM" value="debug_10"/>
        <Option Id="NAME.SELECT" value="Custom"/>
        <Option Id="SOURCE" value="netlist"/>
        <Option Id="TRIGGER_COMPARE_VALUE" value="eq24&apos;hXX_XXXX"/>
        <Option Id="WAVEFORM_STYLE" value="Digital"/>
      </probeOptions>
      <nets>
        <net name="design_1_i/system_ila_0/U0/probe9_1[23]"/>
        <net name="design_1_i/system_ila_0/U0/probe9_1[22]"/>
        <net name="design_1_i/system_ila_0/U0/probe9_1[21]"/>
        <net name="design_1_i/system_ila_0/U0/probe9_1[20]"/>
        <net name="design_1_i/system_ila_0/U0/probe9_1[19]"/>
        <net name="design_1_i/system_ila_0/U0/probe9_1[18]"/>
        <net name="design_1_i/system_ila_0/U0/probe9_1[17]"/>
        <net name="design_1_i/system_ila_0/U0/probe9_1[16]"/>
        <net name="design_1_i/system_ila_0/U0/probe9_1[15]"/>
        <net name="design_1_i/system_ila_0/U0/probe9_1[14]"/>
        <net name="design_1_i/system_ila_0/U0/probe9_1[13]"/>
        <net name="design_1_i/system_ila_0/U0/probe9_1[12]"/>
        <net name="design_1_i/system_ila_0/U0/probe9_1[11]"/>
        <net name="design_1_i/system_ila_0/U0/probe9_1[10]"/>
        <net name="design_1_i/system_ila_0/U0/probe9_1[9]"/>
        <net name="design_1_i/system_ila_0/U0/probe9_1[8]"/>
        <net name="design_1_i/system_ila_0/U0/probe9_1[7]"/>
        <net name="design_1_i/system_ila_0/U0/probe9_1[6]"/>
        <net name="design_1_i/system_ila_0/U0/probe9_1[5]"/>
        <net name="design_1_i/system_ila_0/U0/probe9_1[4]"/>
        <net name="design_1_i/system_ila_0/U0/probe9_1[3]"/>
        <net name="design_1_i/system_ila_0/U0/probe9_1[2]"/>
        <net name="design_1_i/system_ila_0/U0/probe9_1[1]"/>
        <net name="design_1_i/system_ila_0/U0/probe9_1[0]"/>
      </nets>
    </probe>
  </probeset>
</hwsession>
