<?xml version="1.0" encoding="UTF-8"?>
<GenRun Id="synth_1" LaunchPart="xc7a35tcpg236-1" LaunchTime="1684359308">
  <File Type="PA-TCL" Name="design_1_wrapper.tcl"/>
  <File Type="REPORTS-TCL" Name="design_1_wrapper_reports.tcl"/>
  <File Type="RDS-RDS" Name="design_1_wrapper.vds"/>
  <File Type="RDS-UTIL" Name="design_1_wrapper_utilization_synth.rpt"/>
  <File Type="RDS-UTIL-PB" Name="design_1_wrapper_utilization_synth.pb"/>
  <File Type="RDS-DCP" Name="design_1_wrapper.dcp"/>
  <FileSet Name="sources" Type="DesignSrcs" RelSrcDir="$PSRCDIR/sources_1" RelGenDir="$PGENDIR/sources_1">
    <Filter Type="Srcs"/>
    <File Path="$PSRCDIR/sources_1/imports/emach/Desktop/PC/UNI/DESD/ip_repo/LAB 3/debouncer.vhd">
      <FileInfo>
        <Attr Name="ImportPath" Val="$PPRDIR/../../PC/UNI/DESD/ip_repo/LAB 3/debouncer.vhd"/>
        <Attr Name="ImportTime" Val="1683724682"/>
        <Attr Name="UsedIn" Val="synthesis"/>
        <Attr Name="UsedIn" Val="simulation"/>
      </FileInfo>
    </File>
    <File Path="$PSRCDIR/sources_1/imports/emach/Desktop/PC/UNI/DESD/ip_repo/LAB 3/edge_detector.vhd">
      <FileInfo>
        <Attr Name="ImportPath" Val="$PPRDIR/../../PC/UNI/DESD/ip_repo/LAB 3/edge_detector.vhd"/>
        <Attr Name="ImportTime" Val="1683724682"/>
        <Attr Name="UsedIn" Val="synthesis"/>
        <Attr Name="UsedIn" Val="simulation"/>
      </FileInfo>
    </File>
    <File Path="$PSRCDIR/sources_1/imports/emach/Documents/GitHub/LAB3_DESD/digilent_jstk2_encrypted.vhd">
      <FileInfo>
        <Attr Name="ImportPath" Val="$PPRDIR/../../../Documents/GitHub/LAB3_DESD/digilent_jstk2_encrypted.vhd"/>
        <Attr Name="ImportTime" Val="1684159396"/>
        <Attr Name="UsedIn" Val="synthesis"/>
        <Attr Name="UsedIn" Val="simulation"/>
      </FileInfo>
    </File>
    <File Path="$PSRCDIR/sources_1/imports/emach/Documents/GitHub/LAB3_DESD/led_controller.vhd">
      <FileInfo>
        <Attr Name="ImportPath" Val="$PPRDIR/../../../Documents/GitHub/LAB3_DESD/led_controller.vhd"/>
        <Attr Name="ImportTime" Val="1684353894"/>
        <Attr Name="UsedIn" Val="synthesis"/>
        <Attr Name="UsedIn" Val="simulation"/>
      </FileInfo>
    </File>
    <File Path="$PSRCDIR/sources_1/imports/emach/Documents/GitHub/LAB3_DESD/mute.vhd">
      <FileInfo>
        <Attr Name="ImportPath" Val="$PPRDIR/../../../Documents/GitHub/LAB3_DESD/mute.vhd"/>
        <Attr Name="ImportTime" Val="1684162701"/>
        <Attr Name="UsedIn" Val="synthesis"/>
        <Attr Name="UsedIn" Val="simulation"/>
      </FileInfo>
    </File>
    <File Path="$PSRCDIR/sources_1/bd/design_1/design_1.bd">
      <FileInfo>
        <Attr Name="ImportPath" Val="$PPRDIR/../../PC/UNI/DESD/LAB 3/LAB3_Loopback/LAB3_Loopback.srcs/sources_1/bd/design_1/design_1.bd"/>
        <Attr Name="ImportTime" Val="1684400937"/>
        <Attr Name="UsedIn" Val="synthesis"/>
        <Attr Name="UsedIn" Val="implementation"/>
        <Attr Name="UsedIn" Val="simulation"/>
      </FileInfo>
    </File>
    <File Path="$PSRCDIR/sources_1/imports/design_1_wrapper.vhd">
      <FileInfo>
        <Attr Name="ImportPath" Val="$PPRDIR/../../PC/UNI/DESD/LAB 3/LAB3_Loopback/LAB3_Loopback.gen/sources_1/bd/design_1/hdl/design_1_wrapper.vhd"/>
        <Attr Name="ImportTime" Val="1684359300"/>
        <Attr Name="UsedIn" Val="synthesis"/>
        <Attr Name="UsedIn" Val="simulation"/>
      </FileInfo>
    </File>
    <File Path="$PSRCDIR/sources_1/imports/emach/Documents/GitHub/LAB3_DESD/volume_controller.vhd">
      <FileInfo>
        <Attr Name="AutoDisabled" Val="1"/>
        <Attr Name="ImportPath" Val="$PPRDIR/../../../Documents/GitHub/LAB3_DESD/volume_controller.vhd"/>
        <Attr Name="ImportTime" Val="1684355043"/>
        <Attr Name="UsedIn" Val="synthesis"/>
        <Attr Name="UsedIn" Val="simulation"/>
      </FileInfo>
    </File>
    <File Path="$PSRCDIR/sources_1/imports/emach/Documents/GitHub/LAB3_DESD/dual_moving_average.vhd">
      <FileInfo>
        <Attr Name="AutoDisabled" Val="1"/>
        <Attr Name="ImportPath" Val="$PPRDIR/../../../Documents/GitHub/LAB3_DESD/dual_moving_average.vhd"/>
        <Attr Name="ImportTime" Val="1684326434"/>
        <Attr Name="UsedIn" Val="synthesis"/>
        <Attr Name="UsedIn" Val="simulation"/>
      </FileInfo>
    </File>
    <File Path="$PSRCDIR/sources_1/imports/emach/Documents/GitHub/LAB3_DESD/balance_controller.vhd">
      <FileInfo>
        <Attr Name="AutoDisabled" Val="1"/>
        <Attr Name="ImportPath" Val="$PPRDIR/../../../Documents/GitHub/LAB3_DESD/balance_controller.vhd"/>
        <Attr Name="ImportTime" Val="1684326434"/>
        <Attr Name="UsedIn" Val="synthesis"/>
        <Attr Name="UsedIn" Val="simulation"/>
      </FileInfo>
    </File>
    <Config>
      <Option Name="DesignMode" Val="RTL"/>
      <Option Name="TopModule" Val="design_1_wrapper"/>
      <Option Name="TopAutoSet" Val="TRUE"/>
    </Config>
  </FileSet>
  <FileSet Name="constrs_in" Type="Constrs" RelSrcDir="$PSRCDIR/constrs_1">
    <Filter Type="Constrs"/>
    <File Path="$PSRCDIR/constrs_1/imports/hdl/pins.xdc">
      <FileInfo>
        <Attr Name="ImportPath" Val="$PPRDIR/../../PC/UNI/DESD/LAB 3/hdl/pins.xdc"/>
        <Attr Name="ImportTime" Val="1651827326"/>
        <Attr Name="UsedIn" Val="synthesis"/>
        <Attr Name="UsedIn" Val="implementation"/>
      </FileInfo>
    </File>
    <Config>
      <Option Name="ConstrsType" Val="XDC"/>
    </Config>
  </FileSet>
  <FileSet Name="utils" Type="Utils" RelSrcDir="$PSRCDIR/utils_1">
    <Filter Type="Utils"/>
    <Config>
      <Option Name="TopAutoSet" Val="TRUE"/>
    </Config>
  </FileSet>
  <Strategy Version="1" Minor="2">
    <StratHandle Name="Vivado Synthesis Defaults" Flow="Vivado Synthesis 2020"/>
    <Step Id="synth_design"/>
  </Strategy>
  <BlockFileSet Type="BlockSrcs" Name="design_1_clk_wiz_0"/>
  <BlockFileSet Type="BlockSrcs" Name="design_1_debouncer_1_0"/>
  <BlockFileSet Type="BlockSrcs" Name="design_1_axi4stream_spi_master_0_0"/>
  <BlockFileSet Type="BlockSrcs" Name="design_1_proc_sys_reset_0_0"/>
  <BlockFileSet Type="BlockSrcs" Name="design_1_debouncer_0_0"/>
  <BlockFileSet Type="BlockSrcs" Name="design_1_edge_detector_1_0"/>
  <BlockFileSet Type="BlockSrcs" Name="design_1_proc_sys_reset_0_1"/>
  <BlockFileSet Type="BlockSrcs" Name="design_1_axis_dual_i2s_0_1"/>
  <BlockFileSet Type="BlockSrcs" Name="design_1_edge_detector_0_0"/>
  <BlockFileSet Type="BlockSrcs" Name="design_1_digilent_jstk2_0_0"/>
  <BlockFileSet Type="BlockSrcs" Name="design_1_led_controller_0_0"/>
  <BlockFileSet Type="BlockSrcs" Name="design_1_system_ila_0_0"/>
  <BlockFileSet Type="BlockSrcs" Name="design_1_mute_0_0"/>
</GenRun>
